candidate_start_fy,horizon_months,dimension,segment,eligible_loans,chargeoffs,valid_gross_amount_loans,gross_approval,sba_guaranteed_approval,chargeoff_loan_approval,gross_chargeoff_amount,flagged_financial_chargeoffs,sensitivity_gross_approval,sensitivity_chargeoff_loan_approval,sensitivity_gross_chargeoff_amount,chargeoff_rate_percent,ci95_low_percent,ci95_high_percent,passes_rate_reporting_rule,approval_weighted_chargeoff_incidence_percent,gross_chargeoff_rate_percent,chargeoff_severity_percent,sensitivity_gross_chargeoff_rate_percent,sensitivity_chargeoff_severity_percent
2001,96,loan_size_band,More than $1m,58149,2732,58149,106724063354.67,80901903793.4643,4456631985.0,2600522706.41,38,106663200454.67,4395769085.0,2533520979.58,4.698275,4.52926,4.873275,True,4.175845,2.436679,58.351749,2.375253,57.635443
2001,96,loan_size_band,$350k to $1m,121651,8781,121651,73137897192.76001,55589423947.90657,5121618203.0,3311716899.959999,174,73040937124.76001,5024658135.0,3206792890.73,7.21819,7.074113,7.364969,True,7.002687,4.528045,64.661534,4.390405,63.821116
2001,96,loan_size_band,Up to $50k,432511,89872,432511,11789752768.05,6501308949.6425,2457857177.0,2057935925.35,2654,11715430668.05,2383535077.0,1923408091.59,20.779125,20.658469,20.9003,True,20.847402,17.455293,83.728865,16.417733,80.695607
2001,96,loan_size_band,$50k to $150k,232609,32211,232609,24080827845.42,16261529788.781498,3280058153.17,2442315985.44,696,24011692355.42,3210922663.17,2349714863.8,13.847702,13.707934,13.988663,True,13.621036,10.14216,74.459533,9.785711,73.178806
2001,96,loan_size_band,$150k to $350k,144677,14090,144677,36310850764.75,25219818108.3615,3480028130.0,2447156079.1,426,36207473852.75,3376651218.0,2329212259.63,9.738936,9.587227,9.892782,True,9.58399,6.739462,70.320009,6.43296,68.979948
2001,96,term_band,241 to 360,92747,2047,92747,90227296501.0,68218324835.8889,1862902175.0,950376796.61,43,90200107599.0,1835713273.0,922570472.84,2.207079,2.11449,2.303628,True,2.064677,1.053314,51.015926,1.022804,50.256785
2001,96,term_band,121 to 180,48585,1944,48585,21262336746.760002,15946027098.88726,963741484.0,569305898.37,46,21246710661.760002,948115399.0,552005987.7,4.001235,3.830569,4.179174,True,4.532623,2.677532,59.07247,2.598077,58.221392
2001,96,term_band,13 to 60,233662,80669,233662,20595449430.8,13389235505.901999,5721943148.17,4062009163.88,2211,20479907808.8,5606401526.17,3886052121.37,34.523799,34.331278,34.716829,True,27.78256,19.722848,70.99003,18.974949,69.314552
2001,96,term_band,61 to 84,362722,30981,362722,32461329611.0,21061914471.32408,3699567362.0,2712817866.63,453,32402998642.0,3641236393.0,2643886784.99,8.541252,8.450734,8.632648,True,11.396845,8.357076,73.327976,8.159389,72.609589
2001,96,term_band,85 to 120,180034,15089,180034,59161673052.42,44689684260.9012,4176244104.0,3217797178.58,490,59032491385.42,4047062437.0,3073362856.92,8.381195,8.254079,8.510086,True,7.059037,5.438989,77.050026,5.206223,75.940584
2001,96,term_band,181 to 240,35688,1928,35688,21420240349.010002,16037948045.036932,1337592678.0,682836755.39,38,21399494324.010002,1316846653.0,660386741.88,5.402376,5.172598,5.641754,True,6.244527,3.187811,51.049678,3.085992,50.1491
2001,96,term_band,1 to 12,35049,14394,35049,6779798109.66,5037238330.966,984552922.0,631015109.21,678,6743054909.66,947809722.0,572687055.38,41.068219,40.554188,41.584207,True,14.521862,9.307285,64.091538,8.492991,60.422155
2001,96,term_band,Invalid or missing,1110,634,1110,135268125.0,93612039.25,49649775.0,33488827.59,29,133969125.0,48350775.0,31697064.25,57.117117,54.186027,59.999116,True,36.704711,24.757368,67.450109,23.659977,65.556476
2001,96,guarantee_percent_band,>50% to 75%,266987,22171,266987,184750906011.09,138083499371.91336,11353465764.0,7281619743.02,629,184512607731.09,11115167484.0,7016149065.88,8.30415,8.200078,8.409421,True,6.145283,3.941317,64.135656,3.802531,63.122297
2001,96,guarantee_percent_band,>0% to 50%,523079,90507,523079,33543394980.0,16702685901.175999,4466539800.0,3605950669.29,2997,33418747380.0,4341892200.0,3400815848.54,17.30274,17.20047,17.40549,True,13.315706,10.750106,80.732532,10.176371,78.325663
2001,96,guarantee_percent_band,>75% to 85%,157641,31160,157641,12856121453.85,10891349233.420498,1868494260.17,1310247581.48,315,12830971463.85,1843344270.17,1281437227.0,19.766431,19.570582,19.963754,True,14.533888,10.191624,70.123179,9.987063,69.516978
2001,96,guarantee_percent_band,>85% to 90%,41875,3843,41875,20888049550.05,18791730764.0525,1107032824.0,661241232.87,47,20871487950.05,1090471224.0,643658574.31,9.177313,8.904526,9.45759,True,5.299838,3.165644,59.730951,3.083913,59.025728
2001,96,guarantee_percent_band,>90% to 100%,15,5,15,4919930.66,4719317.594,661000.0,588369.6,0,4919930.66,661000.0,588369.6,33.333333,15.176324,58.286452,False,13.435149,11.9589,89.012042,11.9589,89.012042
2001,96,naics2,Missing,66,17,66,18750185.0,13295158.48,5214500.0,3048295.32,0,18750185.0,5214500.0,3048295.32,25.757576,16.748844,37.433099,False,27.810392,16.257415,58.458056,16.257415,58.458056
2001,96,naics2,62,80853,6190,80853,26340479271.16,19457452340.2212,1045875898.0,720699217.08,183,26312139704.16,1017536331.0,686791054.66,7.655869,7.4746,7.841162,True,3.970603,2.73609,68.908674,2.610168,67.495482
2001,96,naics2,42,55724,9849,55724,16596625835.66,12247193293.465399,1251690757.0,886840240.42,267,16571624335.66,1226689257.0,850519787.33,17.674611,17.360127,17.993551,True,7.541839,5.343497,70.851385,5.132386,69.334575
2001,96,naics2,51,14868,2727,14868,2734434968.0,1958068797.21,222635143.0,159292247.37,64,2731758468.0,219958643.0,155203129.66,18.341404,17.727539,18.971625,True,8.141907,5.825417,71.548564,5.681437,70.560141
2001,96,naics2,81,96110,14520,96110,21119925305.32,15514890235.20545,1615128065.0,1117589347.33,333,21086761303.32,1581964063.0,1076967230.49,15.107689,14.882673,15.335494,True,7.647414,5.291635,69.195092,5.107315,68.077857
2001,96,naics2,45,47276,9413,47276,6632954255.17,4745809416.9,844102445.17,601994257.67,242,6618813255.17,829961445.17,583366245.57,19.910737,19.553224,20.273139,True,12.72589,9.075809,71.317677,8.813759,70.288355
2001,96,naics2,33,42723,5134,42723,14754125107.0,10921943056.5,1023595579.0,662199418.24,169,14735579156.0,1005049628.0,639042369.63,12.016946,11.712028,12.328695,True,6.937691,4.488232,64.693462,4.336731,63.583166
2001,96,naics2,23,96102,16090,96102,14977088925.0,10370235407.737,1638480122.0,1162696218.92,521,14943897325.0,1605288522.0,1112354098.76,16.742628,16.507907,16.980007,True,10.93991,7.763166,70.961875,7.443534,69.293095
2001,96,naics2,72,122827,17482,122827,44914227836.83,33419029416.0035,3375515443.0,2258891305.91,541,44811771900.83,3273059507.0,2144243485.15,14.233027,14.038752,14.429539,True,7.51547,5.029345,66.919893,4.785,65.5119
2001,96,naics2,44,115772,19489,115772,33233988410.0,24486525066.09554,2723506635.0,1803066446.55,473,33185996650.0,2675514875.0,1742162827.13,16.833949,16.619518,17.050581,True,8.194944,5.425369,66.203857,5.249693,65.115049
2001,96,naics2,54,98154,13465,98154,18244933217.0,12990826101.909,1181421885.0,872902652.83,365,18216359417.0,1152848085.0,833482681.9,13.718239,13.504428,13.934889,True,6.475342,4.784357,73.88577,4.575462,72.297703
2001,96,naics2,52,16078,2642,16078,3499533270.0,2540707037.157,195801630.0,143951638.83,47,3496865570.0,193133930.0,140268336.47,16.432392,15.867625,17.013196,True,5.595078,4.113453,73.519122,4.011259,72.627496
2001,96,naics2,48,38608,6566,38608,5554233024.0,3889320114.42,514981431.0,345112912.54,143,5548862424.0,509610831.0,336270888.42,17.006838,16.635374,17.384867,True,9.271873,6.213512,67.014632,6.060177,65.985821
2001,96,naics2,56,49724,7951,49724,7203631180.76,5104655274.256,655648491.0,482105105.94,207,7191491280.76,643508591.0,464713568.83,15.990266,15.670746,16.315041,True,9.101639,6.692529,73.531033,6.461992,72.215597
2001,96,naics2,32,20774,2842,20774,7258269654.75,5370240989.04908,621292813.0,394649430.89,75,7251247854.75,614271013.0,384333891.55,13.680562,13.219974,14.154581,True,8.559792,5.437238,63.520682,5.300245,62.56748
2001,96,naics2,53,21570,3897,21570,6480166394.0,4765511344.021999,389869597.0,255172177.19,81,6475360725.0,385063928.0,248689635.92,18.066759,17.559016,18.585875,True,6.016352,3.937741,65.450648,3.840553,64.583987
2001,96,naics2,22,823,95,823,191066371.0,139009037.525,10232700.0,7909784.67,3,190793871.0,9960200.0,7560645.25,11.543135,9.536453,13.907153,True,5.355574,4.13981,77.299097,3.96273,75.908569
2001,96,naics2,61,12295,1759,12295,2618872281.0,1915602153.917,177362549.0,128448375.4,58,2614542581.0,173032849.0,122990772.06,14.306629,13.698866,14.936689,True,6.772478,4.904721,72.421363,4.704103,71.079435
2001,96,naics2,11,11341,771,11341,5528740533.0,4193980293.863,252834782.0,145537867.78,30,5524648533.0,248742782.0,140271316.31,6.798342,6.349547,7.276395,True,4.573099,2.632387,57.562439,2.539009,56.392115
2001,96,naics2,31,17973,2437,17973,5267421839.0,3885474173.442,344398585.0,236824103.55,76,5257581339.0,334558085.0,222721645.07,13.559228,13.066496,14.067534,True,6.538276,4.496016,68.76454,4.2362,66.571891
2001,96,naics2,71,23584,3535,23584,7028285202.0,5192348560.263,595735907.0,397905449.84,93,7010501217.0,577951922.0,377558683.15,14.988976,14.539101,15.450254,True,8.476263,5.661487,66.792256,5.385616,65.327005
2001,96,naics2,49,3499,564,3499,769124073.0,559509733.37,50676300.0,37050942.48,11,768395073.0,49947300.0,36123390.39,16.118891,14.937789,17.374306,True,6.588833,4.817291,73.112959,4.701148,72.323009
2001,96,naics2,21,2271,188,2271,879282737.0,652203595.2772,55810891.0,32702682.29,3,877835237.0,54363391.0,31081846.72,8.278292,7.214211,9.483281,True,6.34732,3.719245,58.595521,3.540738,57.174224
2001,96,naics2,55,409,27,409,173520450.0,123481926.868,2381300.0,1631402.0,2,173470450.0,2331300.0,1506870.86,6.601467,4.576258,9.434316,False,1.372345,0.940179,68.508882,0.868661,64.636506
2001,96,project_state,NY,65829,11043,65829,11082076551.0,7690272235.01758,927690203.0,680864443.7,266,11066297851.0,911911503.0,656737384.5,16.775281,16.491791,17.062649,True,8.371086,6.143835,73.393515,5.934572,72.017666
2001,96,project_state,GA,25964,5017,25964,11383103798.0,8593175271.686699,804871021.0,526811416.74,82,11368314798.0,790082021.0,509434017.66,19.322909,18.847204,19.80769,True,7.070752,4.628012,65.452899,4.481174,64.478624
2001,96,project_state,OH,44364,5253,44364,8333063910.0,5858230046.174,595923894.0,411197447.51,201,8321760441.0,584620425.0,395978084.12,11.840682,11.543335,12.144637,True,7.151318,4.934529,69.001671,4.758345,67.732509
2001,96,project_state,MN,26169,2764,26169,6225263062.99,4584801170.865499,476494161.17,298604602.26,91,6216321637.99,467552736.17,286362981.19,10.562115,10.195502,10.940305,True,7.654201,4.796658,62.667001,4.606631,61.247205
2001,96,project_state,LA,8832,1352,8832,2048552197.0,1537068555.564,172208110.0,111855311.48,25,2043964397.0,167620310.0,105719632.56,15.307971,14.572137,16.073971,True,8.406333,5.460213,64.953568,5.172283,63.070897
2001,96,project_state,MO,18510,2638,18510,4390999109.0,3276429957.027,416151882.0,263966981.33,66,4382090909.0,407243682.0,253278218.81,14.251756,13.755564,14.762783,True,9.477385,6.011547,63.430443,5.779849,62.193284
2001,96,project_state,IN,19267,2527,19267,4753238113.57,3447884492.2915,373679059.0,239358699.55,84,4744572262.57,365013208.0,230457294.08,13.11569,12.646375,13.59971,True,7.861568,5.035698,64.05462,4.857283,63.1367
2001,96,project_state,NC,17552,2613,17552,5587365315.0,4135856732.437,363128477.0,231766791.33,42,5581885415.0,357648577.0,224888250.72,14.887192,14.368268,15.421483,True,6.4991,4.148052,63.825011,4.028894,62.879672
2001,96,project_state,CO,22919,3454,22919,6833162182.0,5059202866.899,507985728.0,333803001.72,80,6824146082.0,498969628.0,321829820.54,15.070466,14.613148,15.53949,True,7.434124,4.885044,65.711098,4.716045,64.49888
2001,96,project_state,NH,11229,1155,11229,1187993272.0,792372585.77,97276280.0,65052230.28,76,1185212472.0,94495480.0,60412306.18,10.285867,9.73752,10.861377,True,8.188285,5.475808,66.873682,5.097171,63.931424
2001,96,project_state,ND,3744,237,3744,719340449.0,512965218.5,37857325.0,21539575.77,9,718138749.0,36655625.0,20110001.58,6.330128,5.59402,7.155758,True,5.262783,2.994351,56.896719,2.800295,54.86198
2001,96,project_state,IL,32799,6160,32799,7925765597.0,5774330596.509701,773983476.0,545522462.11,144,7905802497.0,754020376.0,521136785.29,18.78106,18.36205,19.207382,True,9.76541,6.882899,70.482443,6.591827,69.114417
2001,96,project_state,MA,32569,3364,32569,4074752170.0,2711900214.65,306217798.0,217869130.46,170,4066147670.0,297613298.0,203739204.83,10.32884,10.002985,10.664053,True,7.515004,5.346807,71.148422,5.01062,68.457695
2001,96,project_state,TN,9604,1752,9604,2840824473.0,2132722674.043,232442776.0,143715720.08,23,2838195973.0,229814276.0,140667238.45,18.242399,17.482774,19.027419,True,8.182229,5.058944,61.82843,4.95622,61.209095
2001,96,project_state,FL,49731,11226,49731,14199227040.0,10449574182.77326,1482201432.0,1092427385.22,285,14168067240.0,1451041632.0,1052635343.53,22.573445,22.208138,22.942989,True,10.438606,7.693569,73.703031,7.429633,72.543428
2001,96,project_state,PA,39428,4535,39428,7681963183.74,5514895558.017,496804155.0,354525692.83,222,7668539983.74,483380955.0,335159611.1,11.501978,11.190803,11.820655,True,6.467151,4.61504,71.361258,4.370579,69.336536
2001,96,project_state,AL,6541,1173,6541,2000015142.0,1508839963.21,163146480.0,103881221.46,19,1993103382.0,156234720.0,96449825.28,17.933038,17.022254,18.881465,True,8.157262,5.194022,63.67359,4.839178,61.733925
2001,96,project_state,CA,130789,23336,130789,43132282266.0,31924948024.5642,2679918442.0,1887791188.57,391,43078016399.0,2625652575.0,1824283956.4,17.842479,17.635927,18.050921,True,6.213254,4.376748,70.442113,4.234837,69.479259
2001,96,project_state,MT,5812,367,5812,1170332571.0,880564326.218,47775356.0,28733044.35,9,1169665671.0,47108456.0,27855802.51,6.314522,5.717613,6.96914,True,4.082203,2.455118,60.141979,2.381518,59.131215
2001,96,project_state,TX,75444,11705,75444,24131548210.0,17895479632.77544,1803035091.0,1220071117.6,291,24090969170.0,1762456051.0,1170997054.88,15.514819,15.258231,15.774919,True,7.471693,5.055917,67.66763,4.86073,66.441206
2001,96,project_state,MD,15088,2393,15088,3257571697.0,2363434488.692,246997860.0,184371774.12,70,3246198697.0,235624860.0,170393946.81,15.860286,15.286093,16.451859,True,7.582269,5.659792,74.64509,5.24903,72.315776
2001,96,project_state,WA,25231,3046,25231,7595367255.0,5656016687.81,399943491.0,258816795.81,80,7588810555.0,393386791.0,250022731.2,12.072451,11.676199,12.480249,True,5.265624,3.407561,64.713341,3.294623,63.556463
2001,96,project_state,WV,2738,358,2738,536388764.0,385276335.5,33874404.0,24062662.12,4,536263764.0,33749404.0,23887481.66,13.075237,11.864015,14.389927,True,6.315271,4.486049,71.034939,4.454428,70.778973
2001,96,project_state,RI,8673,896,8673,1062328591.0,728092884.45,80430600.0,55306342.59,59,1060640091.0,78742100.0,52106024.83,10.330912,9.707824,10.989125,True,7.57116,5.206143,68.762812,4.912696,66.173019
2001,96,project_state,AR,5420,805,5420,1849771790.75,1380530545.2425,156463811.0,101381020.39,38,1846519190.75,153211211.0,97458843.52,14.852399,13.930555,15.824029,True,8.458547,5.480731,64.795188,5.277976,63.610778
2001,96,project_state,NJ,29165,4740,29165,7707041080.01,5600501027.579791,531540700.0,381703312.43,141,7692044180.01,516543800.0,361282333.46,16.252357,15.833396,16.680208,True,6.896819,4.952657,71.81074,4.696831,69.942246
2001,96,project_state,NM,4895,446,4895,1269960376.0,941032912.1772,57073886.0,36787644.67,15,1269061876.0,56175386.0,35364844.28,9.111338,8.336926,9.949876,True,4.494147,2.896755,64.456176,2.786692,62.954341
2001,96,project_state,ME,5976,473,5976,865141643.0,606577387.53,60929750.0,38115213.34,17,864320443.0,60108550.0,37034895.81,7.914993,7.257232,8.626826,True,7.042748,4.405662,62.555998,4.284857,61.613358
2001,96,project_state,ID,9645,1132,9645,1791324492.0,1317899365.66,124772850.0,86669147.04,44,1788878092.0,122326450.0,82909844.3,11.736651,11.1095,12.394269,True,6.965396,4.838272,69.461543,4.63474,67.777528
2001,96,project_state,CT,12916,1538,12916,2536193778.0,1778211255.13,200641602.0,142550479.72,58,2530670778.0,195118602.0,135534266.63,11.907711,11.360449,12.477626,True,7.911131,5.620646,71.047319,5.355666,69.462504
2001,96,project_state,AZ,21140,3539,21140,6986041173.0,5139287215.612,606557500.0,419623379.66,80,6977865673.0,598382000.0,409321360.03,16.740776,16.24356,17.250077,True,8.682421,6.006598,69.181138,5.865997,68.404691
2001,96,project_state,OR,13071,1560,13071,3368406166.0,2492608915.008,171796257.0,115708669.51,26,3365763166.0,169153257.0,112605652.92,11.934818,11.390189,12.501813,True,5.100224,3.435116,67.352265,3.34562,66.570195
2001,96,project_state,UT,22262,3177,22262,4034906088.0,2886966259.27,313621007.0,218728339.48,134,4027823288.0,306538207.0,208526764.94,14.270955,13.817648,14.73659,True,7.772697,5.420903,69.742885,5.177158,68.026354
2001,96,project_state,PR,9646,1022,9646,956620112.0,634881276.46,60602219.0,47151868.11,52,954644112.0,58626219.0,43844710.43,10.595065,9.996478,11.225026,True,6.335035,4.929007,77.805514,4.592781,74.786864
2001,96,project_state,MI,31936,4617,31936,7453007233.0,5309947342.62,535132561.0,364399516.11,179,7442501362.0,524626690.0,350583053.65,14.457039,14.075622,14.847006,True,7.180089,4.889295,68.095187,4.710554,66.825242
2001,96,project_state,SC,6865,1027,6865,2526040239.31,1892520723.9135,163785046.0,105682716.42,27,2523135439.31,160880246.0,101922648.05,14.959942,14.135814,15.823262,True,6.483865,4.183731,64.525254,4.039523,63.353115
2001,96,project_state,IA,8468,1079,8468,2168020448.52,1642252549.757,216438564.0,135724011.98,28,2162022748.52,210440864.0,128182279.9,12.742088,12.048743,13.469221,True,9.983234,6.260274,62.707869,5.928813,60.911307
2001,96,project_state,MS,8250,1037,8250,2148124320.0,1646115271.485,160070799.0,95833558.28,19,2144086120.0,156032599.0,91272480.55,12.569697,11.871729,13.302507,True,7.451654,4.461267,59.869482,4.256941,58.495777
2001,96,project_state,OK,9206,1323,9206,2613098812.76,1940155219.987,232649592.0,140049628.35,30,2610393112.76,229943892.0,136571653.98,14.371062,13.669334,15.102512,True,8.903207,5.359523,60.197668,5.231842,59.393469
2001,96,project_state,WI,24101,2426,24101,6293943785.0,4622619497.9955,438265013.0,266445005.4,82,6284334183.0,428655411.0,254429426.12,10.065972,9.692456,10.452217,True,6.963281,4.233355,60.795409,4.04863,59.355235
2001,96,project_state,DC,1897,350,1897,404406545.0,295069873.85,27608370.0,20647682.0,4,403656545.0,26858370.0,19554848.81,18.450185,16.769018,20.258871,True,6.826885,5.105675,74.787762,4.844428,72.807281
2001,96,project_state,VT,4131,271,4131,621202377.0,438949245.75,26834000.0,16646979.59,6,620889377.0,26521000.0,16231370.57,6.560155,5.844791,7.356234,True,4.319687,2.6798,62.036892,2.614213,61.201955
2001,96,project_state,NV,8123,1822,8123,2094141953.0,1539929443.51,225698388.0,172203531.85,45,2088015853.0,219572288.0,164546442.69,22.430137,21.536195,23.350142,True,10.777607,8.223107,76.298078,7.880517,74.939531
2001,96,project_state,KS,8515,1028,8515,1986810846.0,1460101917.626,173599565.0,111072499.57,14,1984527146.0,171315865.0,108369908.32,12.072813,11.397835,12.781995,True,8.737599,5.590492,63.982015,5.460742,63.257369
2001,96,project_state,NE,6528,665,6528,1460948394.0,1092712281.81,121899222.0,75396579.0,22,1458777094.0,119727922.0,72886652.44,10.186887,9.476393,10.944211,True,8.343842,5.160797,61.851567,4.996422,60.876904
2001,96,project_state,HI,4893,568,4893,471289823.0,319583102.75,35268700.0,23951515.52,3,470859823.0,34838700.0,23407995.88,11.60842,10.740847,12.536228,True,7.483442,5.08212,67.911535,4.97133,67.189636
2001,96,project_state,VA,14893,2416,14893,3971178907.0,2903237302.4,330471347.0,239472081.91,48,3958907507.0,318199947.0,223972580.12,16.222386,15.639032,16.823162,True,8.321744,6.030252,72.463796,5.657434,70.387372
2001,96,project_state,MP,20,0,20,5887500.0,4431740.0,0.0,0.0,0,5887500.0,0.0,0.0,0.0,0.0,16.112516,False,0.0,0.0,,0.0,
2001,96,project_state,KY,8660,1261,8660,1838918645.0,1330677798.638,176958549.0,116389374.89,47,1835157145.0,173197049.0,111465733.25,14.561201,13.834038,15.31979,True,9.622968,6.329229,65.772112,6.073907,64.357755
2001,96,project_state,DE,2655,380,2655,583927662.0,421616071.9,33663300.0,26942316.62,22,582352662.0,32088300.0,24605566.25,14.312618,13.032052,15.696305,True,5.764978,4.613982,80.034686,4.2252,76.680803
2001,96,project_state,AK,1795,136,1795,682377768.0,519106385.75,29004232.0,18954853.33,4,681713068.0,28339532.0,18243173.16,7.576602,6.440978,8.893418,True,4.250466,2.777765,65.352026,2.676078,64.373587
2001,96,project_state,SD,2724,265,2724,595610016.0,455540053.05,35197034.0,22663981.21,10,594675831.0,34262849.0,21633747.14,9.728341,8.671534,10.898572,True,5.909409,3.805171,64.391736,3.637906,63.140538
2001,96,project_state,WY,1956,126,1956,475992015.0,355317026.1,21662300.0,11348427.85,3,475627015.0,21297300.0,10899824.34,6.441718,5.436873,7.617319,True,4.55098,2.384163,52.387917,2.291675,51.179372
2001,96,project_state,GU,767,49,767,91978288.0,62387032.65,4036983.0,2345987.13,1,91943288.0,4001983.0,2299949.17,6.388527,4.86588,8.345846,True,4.389061,2.550588,58.112386,2.501487,57.470238
2001,96,project_state,VI,229,38,229,36465230.0,27459870.5,3675000.0,3038657.52,0,36465230.0,3675000.0,3038657.52,16.593886,12.334855,21.955198,False,10.078094,8.333027,82.684558,8.333027,82.684558
2001,96,project_state,PW,6,1,6,225000.0,138750.0,50000.0,12698.09,0,225000.0,50000.0,12698.09,16.666667,3.005337,56.350282,False,22.222222,5.643596,25.39618,5.643596,25.39618
2001,96,business_age,Existing,630620,92089,630620,166017233591.9,121030091572.80128,11430085303.17,7765399845.670001,2323,165823764592.9,11236616304.17,7504872948.650001,14.60293,14.515988,14.690304,True,6.884879,4.677466,67.938249,4.525813,66.789439
2001,96,business_age,New or early-stage,216909,36892,216909,44734119303.75,32813671619.905094,4617036345.0,3193589674.62,1065,44615062032.75,4497979074.0,3047556005.05,17.008054,16.85053,17.166746,True,10.321062,7.139047,69.169689,6.830778,67.753895
2001,96,business_age,Startup,83414,9706,83414,29155627930.0,21780160467.66,1936720700.0,1319149441.96,335,29084411830.0,1865504600.0,1238010616.66,11.635936,11.420097,11.855309,True,6.642699,4.52451,68.112529,4.256612,66.363311
2001,96,business_age,Unknown,56244,8868,56244,10068145300.0,7309239171.089999,723170800.0,523810746.08,263,10048480200.0,703505700.0,496060510.79,15.767015,15.468175,16.070532,True,7.182761,5.202654,72.432508,4.936672,70.51265
2001,96,business_type,CORPORATION,779696,107401,779696,221198509187.91,162041727597.73737,16161964599.0,11035392471.899998,3154,220841331663.91,15804787075.0,10580556817.87,13.774728,13.698409,13.851403,True,7.306543,4.988909,68.280019,4.791022,66.945266
2001,96,business_type,INDIVIDUAL,185854,37660,185854,23185847738.739998,16740059719.005001,2183165972.17,1521455676.21,747,23152078292.739998,2149396526.17,1474923994.24,20.263217,20.081088,20.446576,True,9.415942,6.562001,69.690335,6.37059,68.620377
2001,96,business_type,PARTNERSHIP,23711,2520,23711,7567112254.0,5624711842.564001,432880582.0,291402891.62,84,7553736754.0,419505082.0,276134877.43,10.627979,10.242053,11.026659,True,5.720552,3.850913,67.317155,3.655606,65.823965
2001,96,business_type,Missing,336,105,336,91922745.0,67485428.85,18182495.0,11396556.53,3,91587745.0,17847495.0,11033395.79,31.25,26.529382,36.394506,False,19.780192,12.397972,62.678728,12.046804,61.820417
2001,96,processing_method,Preferred Lenders Program,245988,22203,245988,148894428953.01,113115769145.65979,8991628000.0,5891810787.0,537,148711977953.01,8809177000.0,5691093492.709999,9.02605,8.913449,9.13993,True,6.038928,3.957039,65.525518,3.826923,64.604145
2001,96,processing_method,SBA Express Program,520246,90022,520246,32093456300.0,16041982389.67,4400057700.0,3563729157.35,2985,31969463700.0,4276065100.0,3359410510.16,17.303737,17.201187,17.40677,True,13.71014,11.104224,80.992782,10.508185,78.563128
2001,96,processing_method,7a General,77417,7488,77417,45853206512.6,35084360821.22634,3252115101.0,1964360701.48,167,45801555662.6,3200464251.0,1907323550.13,9.672294,9.466079,9.882511,True,7.092449,4.28402,60.402558,4.16432,59.595215
2001,96,processing_method,Low Documentation Program,34202,4575,34202,3019684931.38,2556077494.7555,409937388.17,256884067.3,72,3013914502.38,404166959.17,250715293.74,13.376411,13.019767,13.74128,True,13.575502,8.506982,62.66422,8.318593,62.032605
2001,96,processing_method,Certified Lenders Program,7792,572,7792,4835414281.0,3638810969.18374,275889605.0,146879435.0,14,4829786641.0,270261965.0,142102766.6,7.340862,6.782561,7.941205,True,5.705604,3.037577,53.238481,2.942216,52.579639
2001,96,processing_method,7a with EWCP,1651,58,1651,1796321908.0,1596267222.08,45345833.0,30397918.92,1,1792321908.0,41345833.0,26395042.04,3.513022,2.727352,4.514518,True,2.524371,1.692231,67.035749,1.472673,63.839667
2001,96,processing_method,International Trade Loans,3935,564,3935,3048315718.0,2523669140.027,290998548.0,182306143.2,11,3044810118.0,287492948.0,178550517.38,14.33291,13.272838,15.462552,True,9.546208,5.980553,62.648472,5.864094,62.106051
2001,96,processing_method,Community Express,43023,16662,43023,1125661500.0,933648605.0,362226300.0,277182591.84,66,1122317100.0,358881900.0,272806698.57,38.728122,38.268847,39.18941,True,32.178972,24.623974,76.52194,24.307453,76.015731
2001,96,processing_method,Working Capital CAPLine,2488,77,2488,1873450300.0,1398106941.7,58372000.0,47864384.68,10,1865680300.0,50602000.0,36957334.34,3.094855,2.483374,3.850956,True,3.115749,2.554879,81.998877,1.980904,73.035323
2001,96,processing_method,Export Express,2221,299,2221,262844700.0,210901575.0,21347600.0,16421142.38,14,262200700.0,20703600.0,15388863.1,13.462404,12.105808,14.945174,True,8.121754,6.247469,76.922663,5.869116,74.329407
2001,96,processing_method,Seasonal CAPLine,293,20,293,204890882.0,155056606.5,5646732.0,3710559.44,2,204590882.0,5346732.0,2757696.84,6.825939,4.461865,10.307452,False,2.75597,1.810993,65.711626,1.347908,51.577241
2001,96,processing_method,Small Asset Base Line of Credit (CAPLine),268,7,268,36800000.0,29076100.0,1120000.0,738882.75,1,36700000.0,1020000.0,631314.84,2.61194,1.270865,5.29232,False,3.043478,2.007834,65.971674,1.720204,61.893612
2001,96,processing_method,Preferred Lenders with EWCP,956,19,956,1140329910.66,1008616762.194,17333333.0,10856352.25,0,1140329910.66,17333333.0,10856352.25,1.987448,1.275983,3.083222,False,1.520028,0.952036,62.632803,0.952036,62.632803
2001,96,processing_method,Contract CAPLine,720,46,720,520518588.0,392145254.9,26983708.0,17919546.81,3,519244437.0,25709557.0,16365380.78,6.388889,4.823795,8.416875,True,5.184005,3.442633,66.408763,3.151768,63.654853
2001,96,processing_method,Builders CAPLine,318,6,318,193735776.0,146693217.7,4280000.0,2085579.52,0,193735776.0,4280000.0,2085579.52,1.886792,0.867532,4.054599,False,2.209194,1.076507,48.728493,1.076507,48.728493
2001,96,processing_method,Certified Lenders Program with EWCP,41,0,41,25538569.0,21901072.1,0.0,0.0,0,25538569.0,0.0,0.0,0.0,-0.0,8.566757,False,0.0,0.0,,0.0,
2001,120,loan_size_band,More than $1m,45746,3505,45746,80208492154.67,60941501964.33429,5552453229.0,3196068892.310001,47,80135247154.67,5479208229.0,3116039481.55,7.661872,7.42167,7.909184,True,6.922525,3.984701,57.561383,3.888476,56.870251
2001,120,loan_size_band,$350k to $1m,104920,10856,104920,62864893692.76,47867332985.61658,6363930019.0,4002699194.19,212,62745875704.76,6244912031.0,3875180786.95,10.346931,10.164088,10.532677,True,10.123186,6.367145,62.896656,6.175993,62.053409
2001,120,loan_size_band,Up to $50k,398050,88994,398050,10818506568.05,5985702307.1425,2438047882.0,2033260096.15,2631,10745378523.05,2364919837.0,1898068433.24,22.357493,22.228328,22.487191,True,22.535901,18.794277,83.397053,17.664044,80.259314
2001,120,loan_size_band,$50k to $150k,203959,31877,203959,20995101745.42,14170825064.221498,3231655618.17,2356211215.86,700,20925448315.42,3162002188.17,2261590782.58,15.629122,15.472175,15.787363,True,15.392427,11.222671,72.910344,10.807849,71.524011
2001,120,loan_size_band,$150k to $350k,125836,15377,125836,31336322564.75,21827801034.6615,3779519816.0,2573926445.87,441,31229462194.75,3672659446.0,2453127130.82,12.219873,12.040068,12.401985,True,12.061147,8.213875,68.101943,7.855169,66.794299
2001,120,term_band,241 to 360,76854,2628,76854,69370606101.0,52593575151.52889,2329138357.0,1251167091.86,68,69326736099.0,2285268355.0,1206053190.18,3.419471,3.2933,3.550298,True,3.357529,1.803598,53.718024,1.739665,52.775123
2001,120,term_band,121 to 180,42198,2601,42198,17633169846.760002,13245794705.68726,1360210830.0,794393243.45,64,17610385961.760002,1337426945.0,769251493.3,6.163799,5.938303,6.397276,True,7.713933,4.505107,58.402214,4.368169,57.517272
2001,120,term_band,13 to 60,216250,81571,216250,18599112330.8,12073261482.102,6289552383.17,4298306093.249999,2194,18480955888.8,6171395941.17,4116956637.05,37.720694,37.516631,37.925193,True,33.816412,23.110275,68.340413,22.276752,66.710298
2001,120,term_band,61 to 84,330355,30840,330355,29115035711.0,18997949446.32408,3929384929.0,2826367229.86,438,29061459542.0,3875808760.0,2763197932.07,9.335412,9.236677,9.435093,True,13.496068,9.707586,71.928999,9.508118,71.293454
2001,120,term_band,85 to 120,146043,14371,146043,46379836052.42,35152652903.8312,4205942645.0,3183101088.11,482,46247473142.42,4073579735.0,3037265806.67,9.840253,9.688545,9.994073,True,9.068472,6.863114,75.681039,6.56742,74.560117
2001,120,term_band,181 to 240,32597,2827,32597,19046170449.010002,14276450016.286932,2060541500.0,1079487077.14,59,19013982224.010002,2028353275.0,1044495404.34,8.672577,8.37191,8.982984,True,10.818666,5.667738,52.388514,5.493302,51.494748
2001,120,term_band,1 to 12,33155,15092,33155,5955023209.66,4367386760.966,1133591845.0,692993307.39,699,5917280009.66,1095848645.0,632147220.79,45.519529,44.984045,46.056052,True,19.035893,11.637122,61.132524,10.683071,57.685632
2001,120,term_band,Invalid or missing,1059,679,1059,124363025.0,86092889.25,57244075.0,36350713.32,27,123139025.0,56020075.0,34638930.74,64.117092,61.181953,66.950183,True,46.029819,29.229518,63.501268,28.129937,61.833067
2001,120,guarantee_percent_band,>50% to 75%,224110,26084,224110,145586991111.09,108740907875.39337,13806649005.0,8614231067.890001,689,145315274908.09,13534932802.0,8315838701.63,11.638927,11.506813,11.772357,True,9.483436,5.916896,62.391903,5.722618,61.439823
2001,120,guarantee_percent_band,>0% to 50%,470546,89329,470546,29638158780.0,14759060503.376,4464187300.0,3572020493.75,2974,29514497280.0,4340525800.0,3364389451.11,18.984116,18.872316,19.096423,True,15.062296,12.0521,80.015023,11.399108,77.511104
2001,120,guarantee_percent_band,>75% to 85%,142646,30973,142646,11251213753.85,9528008943.060497,1830193235.17,1240319466.51,315,11225934723.85,1804914205.17,1211409617.45,21.713192,21.499999,21.927908,True,16.266629,11.023873,67.769864,10.791169,67.117296
2001,120,guarantee_percent_band,>85% to 90%,41194,4217,41194,19742033150.05,17760466716.5525,1263102024.0,734838289.23,53,19720785050.05,1241853924.0,711612317.95,10.236928,9.947897,10.533374,True,6.398034,3.722202,58.177271,3.608438,57.302417
2001,120,guarantee_percent_band,>90% to 100%,15,6,15,4919930.66,4719317.594,1475000.0,756527.0,0,4919930.66,1475000.0,756527.0,40.0,19.824496,64.25317,False,29.980097,15.376782,51.289966,15.376782,51.289966
2001,120,naics2,Missing,66,18,66,18750185.0,13295158.48,5464500.0,3130963.37,0,18750185.0,5464500.0,3130963.37,27.272727,18.003345,39.042226,False,29.143712,16.698307,57.296429,16.698307,57.296429
2001,120,naics2,62,71124,6568,71124,21203425271.16,15671590375.1812,1324997998.0,873791719.0,192,21167438204.16,1289010931.0,831976924.21,9.234576,9.024003,9.449553,True,6.248981,4.120993,65.946644,3.930456,64.543822
2001,120,naics2,42,50548,9906,50548,13953574635.66,10264721172.965399,1335521107.0,913627401.66,269,13927257335.66,1309203807.0,876068638.88,19.597215,19.253488,19.945561,True,9.571175,6.547623,68.409806,6.290317,66.916139
2001,120,naics2,51,13713,2770,13713,2338436168.0,1668629812.21,250579943.0,172796478.76,70,2334406868.0,246550643.0,167034495.61,20.19981,19.536217,20.880096,True,10.715706,7.389403,68.958623,7.155329,67.748554
2001,120,naics2,81,85894,14949,85894,17287793005.32,12691549269.64545,1908605346.0,1282933305.04,335,17250388503.32,1871200844.0,1238835705.08,17.40401,17.151915,17.65902,True,11.040191,7.421036,67.218365,7.181495,66.205384
2001,120,naics2,45,43382,9646,43382,5711933055.17,4078571527.9,939616288.17,648928917.45,247,5696972110.17,924655343.17,629149450.88,22.235028,21.846201,22.628772,True,16.450058,11.360934,69.063183,11.043576,68.041509
2001,120,naics2,33,38994,5377,38994,12654530007.0,9348908216.8,1162223530.0,731712479.81,169,12631816056.0,1139509579.0,703852361.81,13.789301,13.45065,14.135086,True,9.184249,5.782218,62.957982,5.57206,61.768007
2001,120,naics2,23,83673,15855,83673,12288888325.0,8486899872.237,1721720327.0,1186689986.89,533,12255639725.0,1688471727.0,1134879326.59,18.948765,18.684655,19.215725,True,14.010383,9.65661,68.924666,9.260058,67.213404
2001,120,naics2,72,107378,18528,107378,35767198936.83,26636501785.9635,3987427134.0,2601883813.71,548,35655300400.83,3875528598.0,2476637015.52,17.254931,17.030099,17.482107,True,11.148279,7.274497,65.252197,6.946056,63.904496
2001,120,naics2,44,105430,20385,105430,28262513810.0,20822320854.19554,3262539012.0,2097000323.78,483,28211487692.0,3211512894.0,2033234013.35,19.335104,19.097836,19.574606,True,11.543697,7.419723,64.275103,7.207114,63.310785
2001,120,naics2,54,87779,13434,87779,14963053317.0,10625763896.909,1266583224.0,912770896.39,367,14935321517.0,1238851424.0,873996017.37,15.304344,15.067691,15.544034,True,8.464738,6.100165,72.065608,5.851873,70.548897
2001,120,naics2,52,13869,2631,13869,2572352570.0,1857142072.157,197951730.0,142945884.82,48,2569521370.0,195120530.0,139021332.51,18.970366,18.326484,19.631431,True,7.695358,5.55701,72.212496,5.410398,71.248952
2001,120,naics2,48,32467,6156,32467,4341059724.0,3032613929.42,514720631.0,333001897.24,120,4336622424.0,510283331.0,325681365.45,18.960791,18.538087,19.39084,True,11.857027,7.670982,64.695658,7.510024,63.823634
2001,120,naics2,56,44303,7947,44303,5932414680.76,4187057909.256,715058466.0,504509727.07,206,5920412505.76,703056291.0,487261489.02,17.937837,17.583359,18.297875,True,12.053413,8.50429,70.555032,8.230195,69.306184
2001,120,naics2,32,18983,3027,18983,6295877754.75,4648233954.04908,721808163.0,445038821.23,84,6285981954.75,711912363.0,431042690.13,15.945846,15.431946,16.473527,True,11.464774,7.068734,61.656108,6.857205,60.547156
2001,120,naics2,53,19046,3974,19046,5057056494.0,3714687281.522,438964497.0,278567453.68,84,5051862825.0,433770828.0,271627199.03,20.865274,20.294089,21.448208,True,8.680237,5.50849,63.460133,5.376773,62.619978
2001,120,naics2,22,720,92,720,158166071.0,114892362.525,10517000.0,7644720.38,3,157893571.0,10244500.0,7295580.96,12.777778,10.535286,15.41535,True,6.64934,4.83335,72.689174,4.620569,71.214612
2001,120,naics2,61,10674,1737,10674,1981151581.0,1443315584.017,188964409.0,132684937.68,56,1977379881.0,185192709.0,127740517.33,16.273187,15.585092,16.98555,True,9.53811,6.697364,70.216893,6.46009,68.977077
2001,120,naics2,11,9684,833,9684,4364916233.0,3331469689.363,292880106.0,164252217.6,33,4360483368.0,288447241.0,158541241.53,8.601817,8.059652,9.176814,True,6.709868,3.76301,56.081726,3.635864,54.963688
2001,120,naics2,31,15526,2478,15526,4236028239.0,3117801537.902,380991685.0,250836024.29,77,4225388939.0,370352385.0,236618204.6,15.960325,15.392676,16.544813,True,8.994078,5.921491,65.837664,5.599915,63.890018
2001,120,naics2,71,19770,3498,19770,5356014702.0,3953756322.763,614465077.0,397724418.49,90,5335163497.0,593613872.0,373488482.13,17.693475,17.167819,18.231684,True,11.472431,7.425753,64.726936,7.000507,62.917748
2001,120,naics2,49,3063,555,3063,621852273.0,452237168.37,54553500.0,38844475.61,11,621123273.0,53824500.0,37916923.52,18.119491,16.79562,19.523227,True,8.772743,6.246576,71.204369,6.104573,70.445473
2001,120,naics2,21,1981,181,1981,744322137.0,553064295.2772,64240391.0,37228931.64,3,742867137.0,62785391.0,35530845.1,9.1368,7.945839,10.485933,True,8.630724,5.001723,57.95253,4.782934,56.590943
2001,120,naics2,55,292,30,292,95863650.0,66968271.868,3512300.0,2354363.23,2,95813650.0,3462300.0,2229832.09,10.273973,7.291798,14.287821,False,3.66385,2.45595,67.031951,2.327259,64.403203
2001,120,project_state,NY,58051,10919,58051,9099532951.0,6290557171.81758,1004741715.0,717858554.54,267,9082212051.0,987420815.0,692018835.64,18.809323,18.493496,19.129277,True,11.041684,7.88896,71.447074,7.619497,70.083477
2001,120,project_state,GA,22847,5176,22847,9058515298.0,6844388069.2867,953731208.0,603390500.4,88,9040615098.0,935831008.0,583012284.57,22.655053,22.116886,23.202414,True,10.52856,6.661031,63.266306,6.448812,62.298885
2001,120,project_state,OH,38383,5321,38383,6689719510.0,4686861816.774,673237144.0,446668068.81,180,6678108041.0,661625675.0,430783158.4,13.862908,13.520822,14.212227,True,10.063757,6.676933,66.34632,6.450677,65.109801
2001,120,project_state,MN,23254,2849,23254,5322258162.99,3923076782.9455,519033908.17,317245672.11,90,5312496737.99,509272483.17,303961037.27,12.251656,11.836458,12.679323,True,9.752137,5.960734,61.12234,5.721623,59.685345
2001,120,project_state,LA,8134,1406,8134,1683217597.0,1266620756.564,202455681.0,129980224.92,25,1679335539.0,198573623.0,125357156.17,17.285468,16.479233,18.122589,True,12.027897,7.722128,64.201817,7.464688,63.128805
2001,120,project_state,MO,16733,2753,16733,3662314509.0,2732040715.667,459575862.0,287278299.32,75,3651766309.0,449027662.0,274738640.88,16.452519,15.898479,17.021958,True,12.548782,7.844173,62.50944,7.523445,61.185237
2001,120,project_state,IN,16831,2598,16831,3849233513.57,2790324287.2915,422396959.0,269673908.67,88,3836160662.57,409324108.0,255464402.24,15.435803,14.897873,15.989507,True,10.973534,7.005912,63.843715,6.659377,62.411277
2001,120,project_state,NC,15187,2645,15187,4208950315.0,3105445049.237,393790977.0,249573670.59,39,4203836715.0,388677377.0,243483913.26,17.416211,16.821306,18.027596,True,9.356038,5.929594,63.377194,5.791945,62.644221
2001,120,project_state,CO,20114,3505,20114,5485960682.0,4060885923.899,553313048.0,353170239.27,80,5477021582.0,544373948.0,341382220.81,17.425674,16.907684,17.956104,True,10.085983,6.43771,63.828287,6.23299,62.710977
2001,120,project_state,NH,10275,1208,10275,1027113372.0,679976485.77,111726980.0,72896572.95,79,1024632072.0,109245680.0,68461370.01,11.756691,11.148147,12.39382,True,10.877765,7.097228,65.245273,6.681556,62.667348
2001,120,project_state,ND,3395,239,3395,651148049.0,466590653.5,38361175.0,21372431.6,7,650121349.0,37334475.0,20195076.16,7.039764,6.226926,7.949712,True,5.891314,3.282269,55.713704,3.106355,54.0923
2001,120,project_state,IL,29299,6229,29299,6353146197.0,4621910450.009701,851106427.0,586299205.48,148,6329225897.0,827186127.0,557543090.76,21.260111,20.795403,21.732355,True,13.396613,9.228486,68.886709,8.809025,67.402374
2001,120,project_state,MA,28235,3283,28235,3417389070.0,2269074104.65,320647998.0,218181402.76,179,3408904070.0,312162998.0,204090813.23,11.627413,11.258723,12.006543,True,9.382836,6.384447,68.0439,5.986992,65.379566
2001,120,project_state,TN,8661,1795,8661,2322713273.0,1742578778.993,260878221.0,159101168.08,24,2320078428.0,258243376.0,155965397.29,20.725089,19.884508,21.591628,True,11.231615,6.849798,60.986758,6.722419,60.394733
2001,120,project_state,FL,43216,11285,43216,11174591140.0,8201371410.273259,1655693398.0,1200156910.75,278,11138995040.0,1620097298.0,1156290284.06,26.113014,25.701018,26.529255,True,14.81659,10.740052,72.486664,10.380562,71.371657
2001,120,project_state,PA,35741,4827,35741,6382894883.74,4569675997.017,613663405.0,420578100.83,239,6367520783.74,598289305.0,398460736.91,13.505498,13.155082,13.863758,True,9.614186,6.589143,68.535633,6.257706,66.60001
2001,120,project_state,AL,5754,1174,5754,1632198442.0,1233631577.67,185390280.0,116299151.78,19,1623906682.0,177098520.0,107503295.13,20.403198,19.381842,21.464046,True,11.358317,7.125307,62.732065,6.620041,60.702537
2001,120,project_state,CA,116914,23731,116914,35585891066.0,26318958301.6642,3092112242.0,2094190745.47,396,35526143199.0,3032364375.0,2024202650.02,20.297826,20.068248,20.529355,True,8.689152,5.884891,67.726867,5.697783,66.753279
2001,120,project_state,MT,5329,393,5329,1024768971.0,770554676.218,57919541.0,33783766.51,9,1024102071.0,57252641.0,32906524.67,7.374742,6.703309,8.107585,True,5.651961,3.29672,58.328788,3.213208,57.475994
2001,120,project_state,TX,66653,11609,66653,19415522010.0,14395430522.395441,1963931402.0,1275027032.1,273,19376295995.0,1924705387.0,1227098469.05,17.41707,17.131031,17.706865,True,10.115264,6.56705,64.922178,6.332988,63.755132
2001,120,project_state,MD,13508,2468,13508,2712068697.0,1964848783.692,283311420.0,201268031.31,77,2701021097.0,272263820.0,187488770.13,18.270654,17.628049,18.931301,True,10.446322,7.4212,71.04127,6.941403,68.862903
2001,120,project_state,WA,22378,3169,22378,6157271355.0,4592199832.81,479963921.0,294851703.85,82,6150228035.0,472920601.0,285508116.65,14.16123,13.710575,14.624187,True,7.795075,4.788675,61.432056,4.642236,60.371258
2001,120,project_state,WV,2474,374,2474,461627064.0,331713865.5,38303504.0,25093276.66,4,461502064.0,38178504.0,24918096.2,15.117219,13.759814,16.582783,True,8.2975,5.435833,65.5117,5.399347,65.267346
2001,120,project_state,RI,8056,956,8056,956381391.0,654676024.45,93054400.0,61581237.34,68,954507591.0,91180600.0,57842568.52,11.866931,11.178842,12.591371,True,9.729842,6.438983,66.177674,6.059938,63.437363
2001,120,project_state,AR,4774,838,4774,1477679890.75,1107335716.7425,163265033.0,98987946.8,36,1474457290.75,160042433.0,95137467.81,17.553414,16.50049,18.658514,True,11.048742,6.698876,60.630219,6.452372,59.445152
2001,120,project_state,NJ,25380,4840,25380,6365896780.01,4621873768.579791,649236400.0,447591662.5,147,6349562880.01,632902500.0,426132930.13,19.070134,18.59151,19.558119,True,10.198664,7.031086,68.941246,6.711217,67.329949
2001,120,project_state,NM,4389,478,4389,1041105376.0,770516272.1772,76477886.0,47186321.48,17,1038286876.0,73659386.0,43629605.26,10.890864,10.0032,11.846927,True,7.345835,4.532329,61.699302,4.202076,59.231563
2001,120,project_state,ME,5409,529,5409,748014143.0,523453992.53,72631750.0,44420907.74,25,746842943.0,71460550.0,42811818.65,9.779996,9.016698,10.600382,True,9.709943,5.938512,61.159077,5.732372,59.909725
2001,120,project_state,ID,8536,1178,8536,1463310392.0,1077825525.66,137886110.0,92452017.04,46,1460798992.0,135374710.0,88608776.25,13.800375,13.084965,14.548351,True,9.422889,6.318005,67.049551,6.065775,65.454453
2001,120,project_state,CT,11632,1620,11632,2145162178.0,1497187090.13,240593702.0,162449066.0,56,2139814178.0,235245702.0,155770961.2,13.927098,13.309804,14.568209,True,11.215642,7.57281,67.520082,7.279649,66.216284
2001,120,project_state,AZ,18873,3764,18873,5866908573.0,4312880715.612,762710000.0,512466599.32,87,5855588073.0,751389500.0,498549763.87,19.943835,19.379905,20.519998,True,13.000203,8.734866,67.190229,8.514085,66.350377
2001,120,project_state,OR,11491,1603,11491,2671099966.0,1976796640.008,201862857.0,130393610.03,28,2667784966.0,198547857.0,126495666.91,13.950048,13.328608,14.595583,True,7.557293,4.881645,64.595147,4.741599,63.710417
2001,120,project_state,UT,20349,3220,20349,3224834088.0,2289649006.43,323019557.0,222987002.32,137,3217570288.0,315755757.0,212584853.79,15.823873,15.32888,16.331768,True,10.016626,6.914681,69.032044,6.607,67.325725
2001,120,project_state,PR,9007,1125,9007,867648912.0,574987726.46,77385355.0,58205185.22,56,865426912.0,75163355.0,54462942.73,12.490285,11.823468,13.189085,True,8.918971,6.70838,75.214729,6.293188,72.459435
2001,120,project_state,MI,27379,4727,27379,6088152033.0,4341778509.28,654075761.0,430192175.43,162,6073929962.0,639853690.0,411995232.51,17.265057,16.821977,17.717322,True,10.74342,7.066055,65.771001,6.783009,64.388975
2001,120,project_state,SC,5887,1013,5887,1921592739.31,1444157581.7135,179120046.0,111313716.0,23,1918879039.31,176406346.0,107929645.46,17.207406,16.264696,18.192885,True,9.321436,5.792784,62.144756,5.62462,61.182405
2001,120,project_state,IA,7769,1119,7769,1915060948.52,1456999879.757,250646418.0,150052622.83,31,1908274348.52,243859818.0,141689974.38,14.403398,13.64021,15.201771,True,13.088169,7.835397,59.866255,7.425032,58.103043
2001,120,project_state,MS,7529,1114,7529,1853442620.0,1426618891.485,188173765.0,113090414.55,21,1848464955.0,183196100.0,107361623.6,14.796122,14.012062,15.616087,True,10.152662,6.101641,60.098927,5.80815,58.604754
2001,120,project_state,OK,8254,1325,8254,2193042012.76,1634727134.987,240549442.0,139863809.49,24,2191002312.76,238509742.0,137208816.38,16.052823,15.276697,16.860532,True,10.968757,6.377617,58.143477,6.262377,57.527552
2001,120,project_state,WI,21786,2575,21786,5399243985.0,3965697446.0455,515170346.0,305548365.72,94,5387194683.0,503121044.0,290734108.45,11.819517,11.397541,12.254955,True,9.541527,5.659095,59.310162,5.396763,57.786116
2001,120,project_state,DC,1710,360,1710,325196145.0,236873448.85,32677570.0,22588458.08,3,324896145.0,32377570.0,22196445.58,21.052632,19.186303,23.048728,True,10.048572,6.946103,69.125269,6.831859,68.555008
2001,120,project_state,VT,3704,292,3704,559042577.0,395878565.75,36718300.0,22254871.64,6,558697577.0,36373300.0,21812403.66,7.883369,7.058521,8.795487,True,6.568069,3.98089,60.609755,3.904152,59.968174
2001,120,project_state,NV,7119,1852,7119,1680531353.0,1233951953.51,259275818.0,190783130.33,50,1672905653.0,251650118.0,181285116.49,26.01489,25.008906,27.046744,True,15.428205,11.352548,73.583079,10.836542,72.038558
2001,120,project_state,KS,7783,1064,7783,1672650146.0,1228138197.626,185913765.0,117658534.28,14,1670274446.0,183538065.0,114907232.26,13.670821,12.925499,14.451987,True,11.114922,7.034258,63.286618,6.879542,62.606758
2001,120,project_state,NE,5891,697,5891,1255939794.0,942843666.81,127020122.0,78729373.33,25,1253653494.0,124733822.0,76044130.49,11.831608,11.031606,12.681355,True,10.113552,6.268563,61.981812,6.065801,60.965125
2001,120,project_state,HI,4468,563,4468,398753223.0,267793827.75,34279300.0,22249553.63,4,398263223.0,33789300.0,21643465.27,12.600716,11.659663,13.606024,True,8.59662,5.57978,64.906674,5.434462,64.054198
2001,120,project_state,VA,13040,2454,13040,3136687407.0,2283675262.4,376974147.0,258126866.47,42,3129022007.0,369308747.0,248152599.42,18.819018,18.157373,19.49903,True,12.018225,8.229282,68.47336,7.930676,67.193805
2001,120,project_state,MP,20,0,20,5887500.0,4431740.0,0.0,0.0,0,5887500.0,0.0,0.0,0.0,0.0,16.112516,False,0.0,0.0,,0.0,
2001,120,project_state,KY,7772,1311,7772,1534876245.0,1110232168.638,203808899.0,131297471.77,44,1531234745.0,200167399.0,126594348.19,16.868245,16.052127,17.717099,True,13.278523,8.554271,64.421854,8.267468,63.244239
2001,120,project_state,DE,2329,394,2329,461462562.0,332114976.9,38924800.0,30162437.88,21,460292562.0,37754800.0,28232485.68,16.917132,15.4493,18.493918,True,8.435094,6.53627,77.488999,6.133596,74.778533
2001,120,project_state,AK,1599,151,1599,562897368.0,430244132.75,39149732.0,25049806.64,4,562232668.0,38485032.0,24338126.47,9.443402,8.105689,10.975516,True,6.955039,4.450155,63.984618,4.328835,63.2405
2001,120,project_state,SD,2481,259,2481,510812816.0,391667985.05,36394284.0,22968683.01,10,509878631.0,35460099.0,21938448.94,10.439339,9.296696,11.7043,True,7.124779,4.496497,63.110688,4.302681,61.867986
2001,120,project_state,WY,1761,139,1761,423702615.0,316860321.1,27369600.0,14114145.79,3,423337615.0,27004600.0,13665542.28,7.893242,6.723595,9.246194,True,6.459625,3.331144,51.568696,3.228048,50.604498
2001,120,project_state,GU,726,50,726,87643488.0,59624877.65,4101983.0,2320498.22,1,87608488.0,4066983.0,2274460.26,6.887052,5.262816,8.965131,True,4.680306,2.647656,56.570157,2.596164,55.925
2001,120,project_state,VI,220,37,220,28621830.0,21580320.5,1615000.0,1036136.35,0,28621830.0,1615000.0,1036136.35,16.818182,12.454817,22.320447,False,5.642546,3.620091,64.15705,3.620091,64.15705
2001,120,project_state,PW,6,1,6,225000.0,138750.0,50000.0,12698.09,0,225000.0,50000.0,12698.09,16.666667,3.005337,56.350282,False,22.222222,5.643596,25.39618,5.643596,25.39618
2001,120,business_age,Existing,568678,94572,568678,139953233591.9,101920882134.64128,13231685591.17,8705958546.99,2375,139731791127.9,13010243127.17,8414589144.000001,16.630149,16.533599,16.727151,True,9.454362,6.22062,65.796292,6.021958,64.676648
2001,120,business_age,New or early-stage,198958,38497,198958,39127508103.75,28720946543.955097,5467596973.0,3678216850.36,1116,38989071034.75,5329159904.0,3510845523.13,19.34931,19.176321,19.523483,True,13.973793,9.400591,67.273006,9.004691,65.879906
2001,120,business_age,Startup,65491,9152,65491,20019666030.0,14973769340.33,1916199300.0,1256497355.27,294,19956986230.0,1853519500.0,1184281734.12,13.974439,13.711007,14.242098,True,9.571585,6.276315,65.572373,5.934171,63.893675
2001,120,business_age,Unknown,45384,8388,45384,7122909000.0,5177565337.049999,750124700.0,521493091.76,246,7103563500.0,730779200.0,494290213.89,18.482285,18.127848,18.842056,True,10.531157,7.32135,69.520853,6.958342,67.638791
2001,120,business_type,CORPORATION,680248,109111,680248,178537899687.91,130667674363.05737,18335475350.0,12123246890.659998,3153,178151249865.91,17948825528.0,11637597750.55,16.039885,15.95287,16.127284,True,10.269794,6.790293,66.119076,6.532426,64.837656
2001,120,business_type,INDIVIDUAL,176058,38683,176058,21012699338.739998,15161137640.505001,2494156872.17,1691150988.69,787,20973599892.739998,2455057426.17,1637986160.18,21.971737,21.77894,22.165757,True,11.869759,8.048233,67.804516,7.809752,66.718853
2001,120,business_type,PARTNERSHIP,21872,2703,21872,6582097954.0,4897769423.564001,514912947.0,335155256.87,88,6566277389.0,499092382.0,316173156.99,12.358266,11.928712,12.80104,True,7.82293,5.091921,65.089693,4.815105,63.349626
2001,120,business_type,Missing,333,112,333,90619745.0,66581928.85,21061395.0,12612708.16,3,90284745.0,20726395.0,12249547.42,33.633634,28.771423,38.86914,False,23.241508,13.918278,59.885436,13.567682,59.101196
2001,120,processing_method,Preferred Lenders Program,201677,24531,201677,116006290953.01001,88403285188.07979,10825466400.0,6861719579.64,579,115798944953.01001,10618120400.0,6638655130.58,12.163509,12.021574,12.306885,True,9.331793,5.914955,63.384979,5.732915,62.521942
2001,120,processing_method,SBA Express Program,467953,88813,467953,28365582400.0,14178336472.17,4382887900.0,3522241991.59,2960,28242605900.0,4259911400.0,3315595264.58,18.979043,18.866945,19.09165,True,15.451429,12.417309,80.363497,11.739693,77.832494
2001,120,processing_method,7a General,69983,8507,69983,39726224712.6,30484172296.02634,3858566083.0,2283713712.9,185,39664545999.6,3796887370.0,2214131726.74,12.155809,11.915781,12.399992,True,9.712894,5.74863,59.185554,5.582143,58.31439
2001,120,processing_method,Low Documentation Program,34202,4878,34202,3019684931.38,2556077494.7555,441724721.17,271881928.28,75,3013573502.38,435613292.17,265361116.52,14.262324,13.895738,14.636936,True,14.628173,9.003652,61.550082,8.80553,60.916671
2001,120,processing_method,Certified Lenders Program,7419,643,7419,4371627581.0,3292253541.98374,310978734.0,168390927.42,12,4366446241.0,305797394.0,164147998.4,8.666936,8.047926,9.328728,True,7.113569,3.851905,54.148695,3.759304,53.678678
2001,120,processing_method,7a with EWCP,1505,56,1505,1494611508.0,1326607862.08,37895833.0,25668114.43,1,1490611508.0,33895833.0,21665237.55,3.72093,2.876482,4.801028,True,2.535497,1.717377,67.733343,1.453446,63.917112
2001,120,processing_method,International Trade Loans,3581,789,3581,2440516518.0,1980966145.327,388462370.0,237848378.87,18,2434999918.0,382945770.0,231987525.64,22.032952,20.705824,23.420018,True,15.917219,9.745821,61.228164,9.527209,60.579733
2001,120,processing_method,Community Express,43023,16991,43023,1125661500.0,933648605.0,374582200.0,283442781.16,71,1122152100.0,371072800.0,278822163.62,39.492829,39.031874,39.955661,True,33.276629,25.180108,75.669047,24.847092,75.139478
2001,120,processing_method,Working Capital CAPLine,1972,85,1972,1472939300.0,1100881121.7,64381400.0,50903183.7,15,1462869300.0,54311400.0,37089067.96,4.310345,3.499291,5.29906,True,4.370947,3.455891,79.065046,2.535364,68.289656
2001,120,processing_method,Export Express,2132,313,2132,237712900.0,190450085.0,21342600.0,16403963.4,15,237053900.0,20683600.0,15228184.12,14.681051,13.242285,16.246863,True,8.97831,6.900746,76.860192,6.423933,73.624437
2001,120,processing_method,Seasonal CAPLine,260,20,260,179800482.0,136461656.5,5471732.0,3526686.76,2,179500482.0,5171732.0,2573824.16,7.692308,5.034505,11.582087,False,3.043224,1.961445,64.452842,1.433881,49.76716
2001,120,processing_method,Small Asset Base Line of Credit (CAPLine),268,7,268,36800000.0,29076100.0,1120000.0,738882.75,1,36700000.0,1020000.0,631314.84,2.61194,1.270865,5.29232,False,3.043478,2.007834,65.971674,1.720204,61.893612
2001,120,processing_method,Preferred Lenders with EWCP,816,18,816,873149910.66,769504762.194,16333333.0,10825852.94,0,873149910.66,16333333.0,10825852.94,2.205882,1.399807,3.459848,False,1.870622,1.239862,66.280734,1.239862,66.280734
2001,120,processing_method,Contract CAPLine,628,52,628,421844288.0,318243129.9,30684708.0,20790330.37,4,419619137.0,28459557.0,18114303.53,8.280255,6.370177,10.697627,True,7.273942,4.928437,67.754695,4.316844,63.649281
2001,120,processing_method,Builders CAPLine,310,7,310,185657776.0,140619667.7,4335000.0,2156352.5,1,185602776.0,4280000.0,2085579.52,2.258065,1.09802,4.586844,False,2.334941,1.161466,49.742849,1.123679,48.728493
2001,120,processing_method,Certified Lenders Program with EWCP,40,0,40,23538569.0,20101072.1,0.0,0.0,0,23538569.0,0.0,0.0,0.0,0.0,8.76216,False,0.0,0.0,,0.0,
2001,96,naics2,92,173,36,173,23711600.0,16672065.0,2000200.0,1426075.22,1,23686600.0,1975200.0,1376388.73,20.809249,15.426806,27.45989,False,8.435534,6.014251,71.296631,5.810833,69.683512
2001,120,naics2,92,152,34,152,16143900.0,11171035.0,1700200.0,1265685.56,1,16118900.0,1675200.0,1215999.07,22.368421,16.471679,29.627388,False,10.531532,7.840024,74.443334,7.543933,72.588292
2001,96,project_state,FM,4,0,4,410500.0,278425.0,0.0,0.0,0,410500.0,0.0,0.0,0.0,0.0,48.989084,False,0.0,0.0,,0.0,
2001,96,project_state,AS,11,5,11,713000.0,469800.0,188000.0,91880.3,0,713000.0,188000.0,91880.3,45.454545,21.271272,71.990846,False,26.367461,12.886438,48.8725,12.886438,48.8725
2001,96,project_state,MH,2,0,2,741000.0,537000.0,0.0,0.0,0,741000.0,0.0,0.0,0.0,0.0,65.761977,False,0.0,0.0,,0.0,
2001,96,processing_method,Export Import Harmonization  (EXIM),58,1,58,93559966.0,68055174.4,187800.0,150185.88,0,93559966.0,187800.0,150185.88,1.724138,0.305004,9.140858,False,0.200727,0.160524,79.971182,0.160524,79.971182
2001,120,project_state,FM,3,0,3,310500.0,228425.0,0.0,0.0,0,310500.0,0.0,0.0,0.0,0.0,56.149703,False,0.0,0.0,,0.0,
2001,120,project_state,AS,11,5,11,713000.0,469800.0,188000.0,91880.3,0,713000.0,188000.0,91880.3,45.454545,21.271272,71.990846,False,26.367461,12.886438,48.8725,12.886438,48.8725
2001,120,project_state,MH,2,0,2,741000.0,537000.0,0.0,0.0,0,741000.0,0.0,0.0,0.0,0.0,65.761977,False,0.0,0.0,,0.0,
2001,120,processing_method,Export Import Harmonization  (EXIM),58,1,58,93559966.0,68055174.4,187800.0,150185.88,0,93559966.0,187800.0,150185.88,1.724138,0.305004,9.140858,False,0.200727,0.160524,79.971182,0.160524,79.971182
2001,96,processing_method,Gulf Opportunity Pilot Loan Program,2855,325,2855,197996300.0,170676050.0,22734300.0,16507629.1,6,197625800.0,22363800.0,16097989.81,11.383538,10.270014,12.60084,True,11.482184,8.337342,72.611117,8.145692,71.982355
2001,120,processing_method,Gulf Opportunity Pilot Loan Program,2855,351,2855,197996300.0,170676050.0,24927400.0,17633571.9,6,197625800.0,24556900.0,17223932.61,12.294221,11.140122,13.549651,True,12.589831,8.906011,70.739716,8.715427,70.138872
2001,96,processing_method,Patriot Express Loans,9671,1752,9671,822069300.0,667702220.7,121989300.0,90468091.33,33,818211600.0,118131600.0,85276516.21,18.116017,17.36111,18.896243,True,14.839296,11.004923,74.160677,10.422306,72.187726
2001,120,processing_method,Patriot Express Loans,9671,1861,9671,822069300.0,667702220.7,133858700.0,96931232.57,33,818211600.0,130001000.0,91739657.45,19.243098,18.469702,20.040918,True,16.283141,11.791127,72.413099,11.212217,70.568424
2001,96,processing_method,Rural Loan Initiative,3753,322,3753,585414630.0,486696166.3,49190600.0,29730639.74,13,583827630.0,47603600.0,27903583.54,8.579803,7.725592,9.51872,True,8.402694,5.078561,60.439677,4.779422,58.616541
2001,96,processing_method,Dealer Floor Plan Loans,109,2,109,112066200.0,82534650.0,2500000.0,675333.51,0,112066200.0,2500000.0,675333.51,1.834862,0.504636,6.444458,False,2.230824,0.60262,27.01334,0.60262,27.01334
2001,120,processing_method,Rural Loan Initiative,3753,354,3753,585414630.0,486696166.3,54522550.0,32297120.64,14,583777630.0,52885550.0,30417265.23,9.432454,8.538395,10.409476,True,9.313493,5.516965,59.236262,5.21042,57.515267
2001,120,processing_method,Dealer Floor Plan Loans,109,2,109,112066200.0,82534650.0,2500000.0,675333.51,0,112066200.0,2500000.0,675333.51,1.834862,0.504636,6.444458,False,2.230824,0.60262,27.01334,0.60262,27.01334
2001,96,processing_method,Small Loan Advantage Initiative,27640,2204,27640,4788329100.0,3728013869.06,375048100.0,262114095.31,42,4781807400.0,368526400.0,254471201.02,7.973951,7.660406,8.299175,True,7.832546,5.47402,69.888128,5.321653,69.05101
2001,96,processing_method,Community Advantage Initiative,3950,462,3950,519192600.0,417075390.0,61261700.0,46854371.47,11,517302700.0,59371800.0,44633882.36,11.696203,10.730997,12.735838,True,11.799417,9.024468,76.482323,8.628194,75.176906
2010,96,loan_size_band,$150k to $350k,72490,4172,72490,18670539200.0,12764687091.95,1083237300.0,760620943.82,134,18636421100.0,1049119200.0,720028042.11,5.755277,5.58807,5.927172,True,5.801853,4.07391,70.217389,3.863553,68.631671
2010,96,loan_size_band,More than $1m,40837,1147,40837,81916392400.0,62616663264.950005,2154103900.0,1209386936.36,22,81877214200.0,2114925700.0,1164233685.43,2.808727,2.652865,2.973467,True,2.629637,1.476367,56.143389,1.421926,55.048444
2010,96,loan_size_band,$50k to $150k,98278,7157,98278,10367293243.0,6917192195.85,790878800.0,586737362.84,209,10345591743.0,769177300.0,556361425.82,7.282403,7.12161,7.446535,True,7.628595,5.659504,74.188025,5.377763,72.332013
2010,96,loan_size_band,Up to $50k,144028,11434,144028,4008267100.0,2184289308.98,299797200.0,244922206.67,471,3994111000.0,285641100.0,222117251.42,7.938734,7.800236,8.079476,True,7.479472,6.110426,81.695962,5.561119,77.760956
2010,96,loan_size_band,$350k to $1m,63587,2575,63587,38730221500.0,29601918782.02,1507921800.0,947250289.85,67,38693037900.0,1470738200.0,905980591.58,4.04957,3.899114,4.205578,True,3.893398,2.445765,62.818264,2.341456,61.600398
2010,96,term_band,85 to 120,98113,5042,98113,38096341743.0,28915812235.69,1517690800.0,1129832064.42,162,38051310643.0,1472659700.0,1076679883.93,5.138972,5.002565,5.278892,True,3.983823,2.965723,74.444153,2.829547,73.111248
2010,96,term_band,241 to 360,55375,583,55375,64733628700.0,49223046459.45,683346700.0,315100477.2,17,64721965700.0,671683700.0,302143811.61,1.052822,0.971142,1.141292,True,1.055629,0.486765,46.111363,0.466833,44.98305
2010,96,term_band,13 to 60,76079,11766,76079,8890077700.0,5890023735.660001,1495231200.0,968791780.73,420,8852908300.0,1458061800.0,917567256.37,15.465503,15.210317,15.724176,True,16.819102,10.89745,64.792106,10.364586,62.930615
2010,96,term_band,61 to 84,142851,5374,142851,15669358500.0,10008838520.56,1192397600.0,812392069.34,107,15644045800.0,1167084900.0,783172532.5,3.761962,3.664528,3.861882,True,7.609741,5.18459,68.130972,5.006202,67.105018
2010,96,term_band,181 to 240,14540,394,14540,10440678400.0,7916232996.640001,375944000.0,176499149.69,11,10433852100.0,369117700.0,169245710.8,2.709766,2.45808,2.986434,True,3.600762,1.690495,46.948256,1.622083,45.851421
2010,96,term_band,121 to 180,22880,405,22880,12371817300.0,9362472104.75,269825200.0,156424332.99,9,12366697800.0,264705700.0,150848952.03,1.770105,1.607163,1.949239,True,2.180967,1.26436,57.97247,1.2198,56.987421
2010,96,term_band,1 to 12,9154,2800,9154,3445217200.0,2735240741.0,284893900.0,177695500.36,171,3430507700.0,270184400.0,157433942.18,30.587721,29.652109,31.539619,True,8.269258,5.157744,62.372518,4.589232,58.269072
2010,96,term_band,Invalid or missing,228,121,228,45593900.0,33083850.0,16609600.0,12182364.81,6,45087900.0,16103600.0,11628906.94,53.070175,46.595152,59.443458,False,36.429435,26.719287,73.345323,25.791636,72.213089
2010,96,guarantee_percent_band,>85% to 90%,27890,2034,27890,16284431900.0,14651407480.04,733340500.0,434995081.14,22,16274806200.0,723714800.0,425038407.62,7.292937,6.99362,7.604016,True,4.503323,2.671233,59.316931,2.611634,58.730097
2010,96,guarantee_percent_band,>0% to 50%,205040,12932,205040,15933287600.0,7940355175.000001,785254800.0,604552719.06,602,15899690100.0,751657300.0,555409586.95,6.307062,6.202659,6.413102,True,4.928392,3.794275,76.988096,3.49321,73.891331
2010,96,guarantee_percent_band,>50% to 75%,136440,6089,136440,116385442100.0,87185613870.34,3778703300.0,2318827675.96,208,116289748600.0,3683009800.0,2206369724.0,4.462768,4.35448,4.573619,True,3.246715,1.992369,61.365699,1.897304,59.906703
2010,96,guarantee_percent_band,>75% to 85%,49849,5430,49849,5088993543.0,4306815818.37,538640400.0,390542263.38,71,5081572743.0,531219600.0,381903277.79,10.892897,10.62241,11.16941,True,10.584419,7.674253,72.505193,7.515454,71.89179
2010,96,naics2,72,54120,3768,54120,28070690800.0,21034055060.6,1058163900.0,659863466.59,135,28035866600.0,1023339700.0,620596389.98,6.962306,6.750922,7.1798,True,3.76964,2.35072,62.359287,2.21358,60.644221
2010,96,naics2,54,42028,2397,42028,11345846000.0,8234984652.8,392610100.0,273143635.85,67,11335370000.0,382134100.0,259421752.5,5.703341,5.485649,5.929129,True,3.460386,2.407433,69.57122,2.288604,67.887622
2010,96,naics2,31,8801,508,8801,3462649800.0,2589428179.77,131058000.0,87326956.83,16,3457092900.0,125501100.0,79026657.86,5.772071,5.303858,6.278877,True,3.784905,2.521969,66.632298,2.285928,62.968897
2010,96,naics2,23,43426,3023,43426,8779288600.0,6168060123.34,545354500.0,372016890.76,138,8764850900.0,530916800.0,352478361.64,6.961267,6.725696,7.204453,True,6.21183,4.237438,68.215609,4.021499,66.390508
2010,96,naics2,11,7174,259,7174,4300536900.0,3269115550.86,96252700.0,52373534.04,6,4300342500.0,96058300.0,52040002.54,3.610259,3.202818,4.067354,True,2.238155,1.217837,54.412535,1.210136,54.175436
2010,96,naics2,33,17100,900,17100,8723813400.0,6591304049.849999,362058600.0,216448641.85,31,8719208600.0,357453800.0,210312918.25,5.263158,4.93841,5.608001,True,4.150233,2.481124,59.782765,2.412064,58.836392
2010,96,naics2,81,37178,2384,37178,11714115243.0,8723572635.0,404670900.0,269385208.1,72,11702677043.0,393232700.0,255658042.01,6.412394,6.167856,6.66594,True,3.454558,2.299663,66.56896,2.184612,65.014441
2010,96,naics2,32,7999,434,7999,4111353500.0,3109765337.49,172295500.0,98849126.98,17,4110039100.0,170981100.0,97112611.75,5.425678,4.950319,5.94383,True,4.190725,2.404296,57.371856,2.362815,56.797279
2010,96,naics2,62,39780,1562,39780,17152572700.0,12777754564.920002,387646900.0,257884778.76,65,17139576100.0,374650300.0,242788621.12,3.926596,3.740138,4.121952,True,2.259993,1.503476,66.525691,1.416538,64.804064
2010,96,naics2,42,22557,1671,22557,10405117500.0,7872312824.619999,450058700.0,295037882.59,58,10392876500.0,437817700.0,279972804.65,7.4079,7.073328,7.756976,True,4.325359,2.835507,65.555423,2.693891,63.947347
2010,96,naics2,45,15829,1325,15829,3353441700.0,2431786028.31,195347900.0,133439600.48,42,3350114100.0,192020300.0,129173478.63,8.370712,7.949307,8.812318,True,5.825296,3.979184,68.308695,3.855793,67.270741
2010,96,naics2,44,42227,2895,42227,17859703100.0,13357157141.34,698851900.0,433816220.72,104,17843425800.0,682574600.0,413722445.51,6.855803,6.618683,7.100773,True,3.91301,2.429023,62.075559,2.318627,60.612048
2010,96,naics2,56,19224,1241,19224,4142414200.0,2986054648.65,194001900.0,133709872.81,41,4137843800.0,189431500.0,127989546.85,6.455472,6.116722,6.811622,True,4.683305,3.227825,68.92194,3.093146,67.565081
2010,96,naics2,71,11685,928,11685,4859836600.0,3622914243.31,252675900.0,158431325.92,31,4852447900.0,245287200.0,150215812.08,7.941806,7.465256,8.446,True,5.199267,3.260013,62.7014,3.095671,61.240787
2010,96,naics2,53,9134,394,9134,4637076100.0,3466674664.81,104409900.0,53987851.71,8,4636417200.0,103751000.0,53162518.85,4.313554,3.915765,4.749754,True,2.251632,1.164265,51.707598,1.146629,51.240488
2010,96,naics2,52,7044,269,7044,2469118400.0,1829670933.3,46753500.0,33457306.02,3,2468975900.0,46611000.0,33285335.86,3.818853,3.39588,4.292168,True,1.89353,1.35503,71.561072,1.348143,71.410903
2010,96,naics2,21,1227,76,1227,608777000.0,455592448.1,33956800.0,18607643.75,2,607354500.0,32534300.0,17021866.9,6.193969,4.977139,7.684236,True,5.577872,3.056562,54.79799,2.802625,52.319758
2010,96,naics2,48,19846,1643,19846,3641858600.0,2580229645.88,187935900.0,118985994.6,51,3639443300.0,185520600.0,115113022.08,8.278746,7.903393,8.670248,True,5.160439,3.267178,63.312009,3.162929,62.048647
2010,96,naics2,61,5643,366,5643,1770229400.0,1312587147.55,51285700.0,35533321.72,13,1768409800.0,49466100.0,33261270.9,6.485912,5.872486,7.158542,True,2.897122,2.007272,69.285048,1.880858,67.240536
2010,96,naics2,49,1404,97,1404,469184600.0,346472182.72,13199600.0,8909701.51,0,469184600.0,13199600.0,8909701.51,6.908832,5.696472,8.35635,True,2.813306,1.898976,67.499784,1.898976,67.499784
2010,96,naics2,51,5084,313,5084,1531675100.0,1119396152.03,51696300.0,33851738.93,3,1531444600.0,51465800.0,33600795.87,6.15657,5.528374,6.850971,True,3.375148,2.210112,65.481938,2.194059,65.28762
2010,96,naics2,22,359,19,359,123322800.0,91646633.5,4708900.0,3207613.12,0,123322800.0,4708900.0,3207613.12,5.292479,3.414057,8.117552,False,3.818353,2.60099,68.118098,2.60099,68.118098
2010,96,naics2,55,271,3,271,141004100.0,100204255.0,205000.0,159763.41,0,141004100.0,205000.0,159763.41,1.107011,0.377184,3.203592,False,0.145386,0.113304,77.933371,0.113304,77.933371
2010,96,naics2,92,78,8,78,19007300.0,13954040.0,660000.0,412323.28,0,19007300.0,660000.0,412323.28,10.25641,5.289335,18.95444,False,3.47235,2.169289,62.473224,2.169289,62.473224
2010,96,naics2,Missing,2,2,2,80000.0,57500.0,80000.0,77339.21,0,80000.0,80000.0,77339.21,100.0,34.238023,100.0,False,100.0,96.674013,96.674013,96.674013,96.674013
2010,96,project_state,TX,32539,2720,32539,14989881300.0,11213484355.79,660163900.0,435357313.18,93,14972721600.0,643004200.0,413731215.69,8.3592,8.063365,8.664865,True,4.404064,2.904341,65.946852,2.763233,64.34347
2010,96,project_state,FL,19477,1793,19477,8779641300.0,6577683966.77,420770100.0,280259342.51,51,8769668400.0,410797200.0,268772025.35,9.20573,8.807716,9.619832,True,4.792566,3.19215,66.606287,3.064791,65.426937
2010,96,project_state,MI,16285,765,16285,4830897400.0,3479780411.22,141773900.0,85298300.73,59,4826876100.0,137752600.0,80806358.2,4.697574,4.383151,5.033365,True,2.934732,1.765682,60.165024,1.674092,58.660496
2010,96,project_state,NY,26964,1877,26964,6708525400.0,4769185639.8,283468100.0,195803360.74,64,6703072300.0,278015000.0,187393987.39,6.961133,6.663466,7.271063,True,4.22549,2.918724,69.074214,2.795643,67.404272
2010,96,project_state,WI,11573,550,11573,3996345700.0,2974860667.29,150639000.0,91851183.57,21,3992080700.0,146374000.0,86733891.16,4.752441,4.379605,5.155305,True,3.769419,2.298379,60.974372,2.172649,59.254985
2010,96,project_state,MN,12102,603,12102,3590783100.0,2672301951.82,160022300.0,98659920.54,27,3586749600.0,155988800.0,93088524.82,4.982647,4.609071,5.384794,True,4.456474,2.747588,61.653857,2.595345,59.676416
2010,96,project_state,UT,8838,460,8838,2588635400.0,1901481691.09,102315700.0,61304934.66,12,2587460400.0,101140700.0,59248641.37,5.204797,4.76086,5.687658,True,3.952496,2.368234,59.917427,2.289838,58.580415
2010,96,project_state,ME,2676,90,2676,459844000.0,328747125.08,15921500.0,9170067.53,4,459684000.0,15761500.0,8968769.72,3.363229,2.744252,4.11591,True,3.46237,1.994169,57.5955,1.951073,56.903021
2010,96,project_state,MA,15427,801,15427,2273956500.0,1529112962.0,96739500.0,69010506.11,25,2272078000.0,94861000.0,66328525.73,5.192196,4.853106,5.553595,True,4.254237,3.034821,71.33643,2.919289,69.921807
2010,96,project_state,PA,13103,696,13103,4335044800.0,3186023398.38,143479000.0,97468385.05,24,4331885700.0,140319900.0,93636021.41,5.311761,4.940692,5.709024,True,3.309747,2.248382,67.932161,2.161553,66.730393
2010,96,project_state,CA,52306,3239,52306,25417524700.0,19119758261.78,567616200.0,372887096.26,75,25403873600.0,553965100.0,357419045.06,6.192406,5.989058,6.402189,True,2.233169,1.467047,65.693526,1.406947,64.520138
2010,96,project_state,AL,3048,245,3048,1350580300.0,1024627798.04,56945300.0,36819308.36,10,1346941700.0,53306700.0,32877461.31,8.038058,7.124833,9.056921,True,4.216358,2.726184,64.657326,2.440897,61.676039
2010,96,project_state,AZ,8591,500,8591,3820314700.0,2840695066.54,127142400.0,73293941.44,11,3818102700.0,124930400.0,70719125.05,5.820044,5.344435,6.335146,True,3.328061,1.918532,57.647128,1.852206,56.606819
2010,96,project_state,CO,10278,565,10278,4175673300.0,3127302126.43,133993000.0,85030674.58,15,4172081300.0,130401000.0,80522141.14,5.497178,5.072932,5.954679,True,3.208896,2.036334,63.459042,1.930023,61.749635
2010,96,project_state,ID,4111,151,4111,1066862100.0,792341301.64,27586300.0,18268726.84,1,1066512100.0,27236300.0,17830146.04,3.673072,3.139971,4.292671,True,2.585742,1.712379,66.223911,1.671818,65.464641
2010,96,project_state,OH,23198,1308,23198,5284730000.0,3740782994.16,214864300.0,142973886.87,109,5278081200.0,208215500.0,135082515.46,5.638417,5.348872,5.942652,True,4.065757,2.705415,66.541481,2.559311,64.876301
2010,96,project_state,GA,11475,779,11475,7820086100.0,5969933274.33,256470500.0,148113821.84,13,7816898100.0,253282500.0,144401135.23,6.788671,6.342727,7.263537,True,3.279638,1.894018,57.750822,1.847295,57.011888
2010,96,project_state,VT,1857,84,1857,293086500.0,206899905.0,9475600.0,5756140.82,2,292846500.0,9235600.0,5494341.43,4.523425,3.668425,5.566186,True,3.233039,1.963973,60.74698,1.876185,59.490899
2010,96,project_state,IN,9397,557,9397,3133784243.0,2298776414.43,145229500.0,86603721.61,24,3131868743.0,143314000.0,84492352.71,5.927424,5.467752,6.423114,True,4.634317,2.763551,59.632321,2.697825,58.956105
2010,96,project_state,MS,3858,270,3858,1255973400.0,972115029.17,55971800.0,34637444.57,7,1253323600.0,53322000.0,31837894.44,6.998445,6.235452,7.846987,True,4.456448,2.757817,61.883742,2.540277,59.70874
2010,96,project_state,WA,11045,478,11045,4760208100.0,3579745980.83,122112800.0,72953291.5,8,4759088400.0,120993100.0,71240338.54,4.32775,3.963883,4.723376,True,2.565283,1.532565,59.742543,1.496932,58.87967
2010,96,project_state,TN,3786,265,3786,1891859400.0,1434733306.15,75623000.0,46062327.1,2,1891559400.0,75323000.0,45712170.87,6.999472,6.229596,7.85652,True,3.997284,2.434765,60.910473,2.416639,60.688197
2010,96,project_state,NC,8174,516,8174,3946397900.0,2958700433.13,136215800.0,80236436.96,11,3944056000.0,133873900.0,77108662.33,6.312699,5.805741,6.8607,True,3.451649,2.033156,58.903913,1.95506,57.59798
2010,96,project_state,IL,13576,1040,13576,5214777300.0,3855520242.59,323676000.0,211893761.64,34,5204596500.0,313495200.0,199922771.57,7.660577,7.225067,8.120042,True,6.2069,4.063333,65.464774,3.841273,63.772195
2010,96,project_state,MO,7858,593,7858,2769459500.0,2094782286.91,161680300.0,100142787.13,20,2764838900.0,157059700.0,94713677.44,7.546449,6.982951,8.151435,True,5.837973,3.615969,61.938769,3.425649,60.304252
2010,96,project_state,SC,3068,254,3068,1761297800.0,1330643539.8,60303700.0,41018167.24,11,1759894000.0,58899900.0,39171094.29,8.279009,7.355309,9.307057,True,3.423822,2.32886,68.019321,2.225764,66.504517
2010,96,project_state,PR,3448,226,3448,332127800.0,216028454.44,11203200.0,8897082.04,11,331541800.0,10617200.0,8114210.09,6.554524,5.775854,7.429893,True,3.373159,2.678813,79.415542,2.447417,76.425141
2010,96,project_state,AR,2359,155,2359,1203190300.0,901364884.5,60394300.0,41247738.42,7,1202845300.0,60049300.0,40781024.73,6.570581,5.639675,7.6427,True,5.019514,3.428197,68.297403,3.39038,67.912573
2010,96,project_state,KY,3884,267,3884,1133063900.0,829188855.33,65560000.0,39538657.91,18,1130577100.0,63073200.0,36513678.75,6.874356,6.120502,7.713433,True,5.786081,3.489535,60.309118,3.22965,57.890956
2010,96,project_state,VA,6299,466,6299,2472409100.0,1832961610.0,117122900.0,84369702.63,17,2463909600.0,108623400.0,73605960.72,7.398,6.777273,8.070657,True,4.737197,3.412449,72.035189,2.987365,67.762527
2010,96,project_state,NJ,10850,817,10850,4319786700.0,3210583062.0,165769000.0,112414668.63,32,4314163800.0,160146100.0,104949181.75,7.529954,7.048333,8.041637,True,3.837435,2.60232,67.814048,2.432666,65.533398
2010,96,project_state,IA,3467,239,3467,1208116000.0,920295527.0,75441700.0,44145564.97,6,1205858400.0,73184100.0,41034132.61,6.893568,6.097093,7.785462,True,6.244574,3.654083,58.516132,3.402898,56.069737
2010,96,project_state,OK,3726,267,3726,1588420700.0,1183192091.5,98882900.0,57209073.52,7,1587554700.0,98016900.0,56144174.08,7.165862,6.381068,8.038887,True,6.225234,3.601632,57.855376,3.536519,57.280096
2010,96,project_state,CT,4604,272,4604,1355316400.0,972168311.0,64345300.0,42703691.41,7,1353024400.0,62053300.0,40099479.17,5.907906,5.262915,6.626414,True,4.747622,3.150828,66.36645,2.963692,64.621026
2010,96,project_state,SD,1112,66,1112,335466000.0,255720623.0,13573000.0,7986456.36,2,335289900.0,13396900.0,7774259.37,5.935252,4.692304,7.481599,True,4.046014,2.380705,58.84076,2.318668,58.030286
2010,96,project_state,NM,1995,96,1995,740609100.0,554213200.96,16140200.0,9616351.06,4,740469100.0,16000200.0,9435299.93,4.81203,3.956623,5.841125,True,2.179314,1.298438,59.580123,1.274233,58.969887
2010,96,project_state,MD,5747,373,5747,1899410600.0,1399536027.71,88873900.0,62573304.41,11,1892708600.0,82171900.0,54846495.77,6.490343,5.882029,7.156784,True,4.679025,3.294354,70.40684,2.897778,66.746048
2010,96,project_state,NH,3979,193,3979,597224200.0,412971135.0,25595000.0,17044248.71,6,596624700.0,24995500.0,16302269.22,4.850465,4.225407,5.562617,True,4.28566,2.853911,66.592103,2.732416,65.220817
2010,96,project_state,OR,5943,260,5943,2110328900.0,1578881054.4,46136800.0,27226251.8,7,2109383900.0,45191800.0,26212493.33,4.374895,3.883686,4.925048,True,2.186237,1.290143,59.012007,1.242661,58.002765
2010,96,project_state,ND,1522,52,1522,333979000.0,234470579.8,9388400.0,5743544.74,2,333804000.0,9213400.0,5491325.99,3.416557,2.614858,4.452813,True,2.811075,1.719732,61.177035,1.645075,59.601515
2010,96,project_state,LA,3351,246,3351,1224727500.0,917331406.1,57178200.0,35524961.26,9,1222968000.0,55418700.0,32757660.97,7.341092,6.506045,8.273833,True,4.668647,2.900642,62.130255,2.678538,59.1094
2010,96,project_state,HI,2530,154,2530,261609900.0,177988060.0,13254300.0,9179118.26,1,261599900.0,13244300.0,9131456.1,6.086957,5.220214,7.086848,True,5.066437,3.508704,69.253889,3.490619,68.94631
2010,96,project_state,KS,3461,220,3461,1193896300.0,887690991.93,69791700.0,43682826.84,2,1192998300.0,68893700.0,42697817.06,6.356544,5.591119,7.218745,True,5.845709,3.658846,62.590289,3.579034,61.976374
2010,96,project_state,NE,3062,187,3062,895957000.0,667919046.93,58205100.0,32517511.18,2,895657000.0,57905100.0,32181116.09,6.10712,5.312702,7.011532,True,6.496417,3.629361,55.867117,3.593018,55.575616
2010,96,project_state,WV,1070,57,1070,291187900.0,210875875.0,8833100.0,6191233.42,1,291167900.0,8813100.0,6171133.35,5.327103,4.134251,6.839571,True,3.033471,2.126199,70.091286,2.119442,70.022278
2010,96,project_state,RI,2618,126,2618,487467400.0,346655883.0,26827700.0,16924738.36,4,487327400.0,26687700.0,16720761.86,4.812834,4.057086,5.700996,True,5.503486,3.471973,63.086803,3.431115,62.653439
2010,96,project_state,VI,79,7,79,18094400.0,13687935.0,2445000.0,2249485.16,0,18094400.0,2445000.0,2249485.16,8.860759,4.35853,17.178342,False,13.512468,12.431941,92.003483,12.431941,92.003483
2010,96,project_state,NV,3138,245,3138,1154012600.0,862182498.0,39492100.0,27541692.2,3,1153752600.0,39232100.0,27275606.07,7.807521,6.919567,8.79865,True,3.422155,2.386602,69.739751,2.364078,69.523696
2010,96,project_state,WY,853,41,853,255537300.0,191943930.0,7313700.0,3829237.84,1,255317300.0,7093700.0,3573884.64,4.806565,3.562669,6.45569,True,2.862087,1.498504,52.357054,1.399782,50.381108
2010,96,project_state,MT,2433,84,2433,613826300.0,469154187.98,13561600.0,7896148.63,2,613777400.0,13512700.0,7819955.73,3.452528,2.797309,4.254502,True,2.209355,1.286382,58.224314,1.27407,57.871156
2010,96,project_state,AK,949,43,949,474585700.0,363672198.0,12909600.0,8618809.75,2,474048700.0,12372600.0,8043808.01,4.531085,3.381139,6.047655,True,2.720183,1.81607,66.762795,1.696832,65.013077
2010,96,project_state,GU,361,18,361,46040600.0,31019830.0,2061600.0,1156037.39,1,46005600.0,2026600.0,1109999.43,4.98615,3.176942,7.74327,False,4.477787,2.510909,56.074767,2.412749,54.77151
2010,96,project_state,DE,1123,72,1123,394575200.0,288842040.0,7487000.0,5681928.57,4,393940200.0,6852000.0,4799488.63,6.411398,5.12207,7.997918,True,1.897484,1.440012,75.890591,1.218329,70.045076
2010,96,project_state,DC,638,37,638,231725900.0,171231540.0,7952200.0,6332824.69,1,231275900.0,7502200.0,5632004.0,5.799373,4.236446,7.891387,True,3.431727,2.732895,79.636135,2.435188,75.071366
2010,96,project_state,MP,5,0,5,3615000.0,2831250.0,0.0,0.0,0,3615000.0,0.0,0.0,0.0,0.0,43.448246,False,0.0,0.0,,0.0,
2010,96,project_state,FM,3,0,3,160500.0,90925.0,0.0,0.0,0,160500.0,0.0,0.0,0.0,0.0,56.149703,False,0.0,0.0,,0.0,
2010,96,business_age,Unknown,32819,2464,32819,8290974200.0,6086980775.69,357946600.0,242161812.35,89,8280288500.0,347260900.0,227128016.69,7.507846,7.227694,7.797945,True,4.317304,2.920788,67.653056,2.742996,65.405583
2010,96,business_age,Existing,250711,13722,250711,97453605843.0,72319220757.96,3277660300.0,2071952385.81,476,97381569843.0,3205624300.0,1982355986.04,5.473234,5.384879,5.562953,True,3.363303,2.126091,63.214372,2.035658,61.839935
2010,96,business_age,Startup,62380,4768,62380,25733892200.0,19288389224.83,1228811000.0,792927051.86,170,25690967300.0,1185886100.0,743620245.29,7.643475,7.437574,7.854593,True,4.775069,3.081256,64.527991,2.894481,62.705874
2010,96,business_age,New or early-stage,70900,5400,70900,20145975400.0,14849338128.57,882340600.0,584178601.59,166,20126534500.0,862899700.0,559467744.16,7.616361,7.423397,7.813918,True,4.379736,2.899729,66.207834,2.779752,64.835779
2010,96,business_type,CORPORATION,363823,22873,363823,140183757943.0,104030976978.91,5497900700.0,3534619388.06,817,140044068543.0,5358211300.0,3362403837.71,6.286848,6.208437,6.366182,True,3.921924,2.521419,64.290346,2.400961,62.752356
2010,96,business_type,PARTNERSHIP,8090,276,8090,4178595600.0,3145968214.23,88407000.0,56592601.64,15,4176025900.0,85837300.0,53531321.76,3.411619,3.037643,3.829818,True,2.115711,1.354345,64.013711,1.281872,62.363706
2010,96,business_type,INDIVIDUAL,47288,3331,47288,9319084100.0,6899405150.610001,248179000.0,157318199.56,71,9315005700.0,244100600.0,152398286.61,7.04407,6.816909,7.27821,True,2.663127,1.688129,63.389005,1.636051,62.432574
2010,96,business_type,Missing,19,5,19,11275800.0,8400300.0,1452300.0,387550.28,0,11275800.0,1452300.0,387550.28,26.315789,11.806412,48.791551,False,12.879796,3.437009,26.685277,3.437009,26.685277
2010,96,processing_method,Preferred Lenders Program,126017,6615,126017,95261122643.0,72720191604.59,2941462000.0,1835398583.75,152,95196771343.0,2877110700.0,1761049679.48,5.249292,5.127517,5.373795,True,3.087789,1.926703,62.397494,1.849905,61.208965
2010,96,processing_method,SBA Express Program,204036,12861,204036,15423603300.0,7710001604.120001,774991000.0,597325356.02,600,15390175800.0,741563500.0,548409648.63,6.303299,6.198671,6.409573,True,5.024708,3.8728,77.075135,3.563375,73.953161
2010,96,processing_method,7a General,33498,1961,33498,27542415800.0,21224257713.3,1289155800.0,752011012.71,53,27520517500.0,1267257500.0,727980517.14,5.854081,5.607704,6.110581,True,4.68062,2.730374,58.333602,2.645228,57.445351
2010,96,processing_method,Certified Lenders Program,2430,100,2430,2499294500.0,1898755884.78,88181700.0,44694582.18,7,2495967800.0,84855000.0,41010482.79,4.115226,3.395157,4.98014,True,3.528264,1.788288,50.684646,1.643069,48.330072
2010,96,processing_method,Community Express,5123,974,5123,121635900.0,105567185.0,18281200.0,13824799.25,3,121520900.0,18166200.0,13699186.1,19.012297,17.961152,20.10988,True,15.029444,11.365723,75.62304,11.273111,75.410301
2010,96,processing_method,Gulf Opportunity Pilot Loan Program,1516,142,1516,98454600.0,85166260.0,8605300.0,6345486.81,2,98382600.0,8533300.0,6268013.04,9.366755,8.001031,10.937883,True,8.740374,6.445089,73.739286,6.371059,73.453565
2010,96,processing_method,Patriot Express Loans,5551,677,5551,490984000.0,399301885.7,47526500.0,34156912.99,10,489528000.0,46070500.0,32151396.39,12.196001,11.361193,13.083095,True,9.679847,6.956828,71.869195,6.567836,69.787383
2010,96,processing_method,Rural Loan Initiative,2746,212,2746,430922400.0,354761345.8,32281900.0,19199246.63,8,429792300.0,31151800.0,17954105.55,7.72032,6.780018,8.778751,True,7.491349,4.455384,59.473719,4.177391,57.634248
2010,96,processing_method,Preferred Lenders with EWCP,496,3,496,757646000.0,678932400.0,3450000.0,1368256.16,0,757646000.0,3450000.0,1368256.16,0.604839,0.205909,1.763008,False,0.455358,0.180593,39.659599,0.180593,39.659599
2010,96,processing_method,Export Express,1139,110,1139,175619300.0,145281840.0,9596800.0,7160335.8,2,175490300.0,9467800.0,7025973.05,9.657594,8.075319,11.511078,True,5.464547,4.077192,74.611702,4.003625,74.209141
2010,96,processing_method,Dealer Floor Plan Loans,97,2,97,99616200.0,73605900.0,2500000.0,675333.51,0,99616200.0,2500000.0,675333.51,2.061856,0.567269,7.208758,False,2.509632,0.677935,27.01334,0.677935,27.01334
2010,96,processing_method,Contract CAPLine,397,12,397,356018700.0,268797010.0,11069000.0,8196659.96,0,356018700.0,11069000.0,8196659.96,3.02267,1.737395,5.208359,False,3.109106,2.302312,74.050591,2.302312,74.050591
2010,96,processing_method,7a with EWCP,753,15,753,1312699800.0,1173812600.0,26906600.0,18679698.87,1,1308699800.0,22906600.0,14676821.99,1.992032,1.210852,3.260554,False,2.049715,1.422999,69.424226,1.121481,64.072459
2010,96,processing_method,Export Import Harmonization  (EXIM),8,0,8,15750000.0,11067500.0,0.0,0.0,0,15750000.0,0.0,0.0,0.0,0.0,32.440756,False,0.0,0.0,,0.0,
2010,96,processing_method,Seasonal CAPLine,149,5,149,125185100.0,95014505.0,1770000.0,1509921.25,1,125035100.0,1620000.0,761370.57,3.355705,1.441711,7.614379,False,1.413906,1.206151,85.306285,0.608925,46.998183
2010,96,processing_method,Builders CAPLine,128,1,128,83631900.0,64478955.0,500000.0,300000.0,0,83631900.0,500000.0,300000.0,0.78125,0.138043,4.292626,False,0.597858,0.358715,60.0,0.358715,60.0
2010,96,processing_method,Small Asset Base Line of Credit (CAPLine),34,1,34,6895000.0,5515500.0,100000.0,107567.91,1,6795000.0,0.0,0.0,2.941176,0.521091,14.915573,False,1.450326,1.560086,107.56791,0.0,
2010,96,processing_method,International Trade Loans,1046,53,1046,1726522300.0,1539705749.7,85229400.0,51407300.22,0,1726522300.0,85229400.0,51407300.22,5.066922,3.894504,6.568167,True,4.936478,2.977506,60.316393,2.977506,60.316393
2010,96,processing_method,Working Capital CAPLine,2463,75,2463,1855009300.0,1383498191.7,58022000.0,47588218.74,10,1847239300.0,50252000.0,36681168.4,3.045067,2.436207,3.800167,True,3.127855,2.56539,82.017543,1.985729,72.994445
2010,96,processing_method,Small Loan Advantage Initiative,27640,2204,27640,4788329100.0,3728013869.06,375048100.0,262114095.31,42,4781807400.0,368526400.0,254471201.02,7.973951,7.660406,8.299175,True,7.832546,5.47402,69.888128,5.321653,69.05101
2010,96,processing_method,Community Advantage Initiative,3950,462,3950,519192600.0,417075390.0,61261700.0,46854371.47,11,517302700.0,59371800.0,44633882.36,11.696203,10.730997,12.735838,True,11.799417,9.024468,76.482323,8.628194,75.176906
2010,96,interest_rate_band,>5% to 7.5%,280756,16942,280756,114078682143.0,85354883932.19,5027793000.0,3210685227.31,639,113950941243.0,4900052100.0,3056232875.36,6.034421,5.94694,6.123106,True,4.407303,2.814448,63.858739,2.68206,62.371436
2010,96,interest_rate_band,Up to 5%,62074,1518,62074,36098688300.0,26633538994.3,510012200.0,304596673.84,61,36087334200.0,498658100.0,290874733.53,2.445468,2.326873,2.569949,True,1.412828,0.843789,59.723409,0.80603,58.331497
2010,96,interest_rate_band,>7.5% to 10%,70108,7084,70108,3361734000.0,2017908899.76,274321000.0,212623394.2,163,3355718500.0,268305500.0,203089552.14,10.10441,9.883497,10.329695,True,8.160104,6.324813,77.508975,6.052044,75.693399
2010,96,interest_rate_band,>10% to 12.5%,6282,941,6282,153609000.0,78418817.5,23812800.0,21012444.19,40,152382000.0,22585800.0,18523835.33,14.979306,14.118233,15.883183,True,15.502217,13.679175,88.240124,12.156183,82.015405
2001,120,processing_method,Small Loan Advantage Initiative,24168,2065,24168,4157212500.0,3236649299.06,350909800.0,230002138.86,34,4151815300.0,345512600.0,223726666.73,8.544356,8.198481,8.903408,True,8.440988,5.532605,65.544519,5.388647,64.752101
2001,120,processing_method,Community Advantage Initiative,2128,265,2128,273354500.0,220164595.0,34467300.0,24223594.31,5,272441200.0,33554000.0,23159283.03,12.453008,11.117419,13.923911,True,12.609011,8.861604,70.27993,8.500654,69.020931
2010,120,loan_size_band,$150k to $350k,53649,3256,53649,13696011000.0,9372670018.25,835209300.0,552950538.5,93,13672205900.0,811404200.0,524479052.17,6.069079,5.870169,6.274279,True,6.098194,4.037311,66.205027,3.836097,64.638444
2010,120,loan_size_band,More than $1m,28434,1115,28434,55400821200.0,42656261435.82001,2062514700.0,1114156146.28,20,55365071200.0,2026764700.0,1072719222.85,3.921362,3.701904,4.153268,True,3.722896,2.011082,54.019307,1.937538,52.927665
2010,120,loan_size_band,$50k to $150k,69628,4838,69628,7281567143.0,4826487471.29,523125000.0,373182891.38,162,7264845143.0,506403000.0,348309655.94,6.948354,6.761851,7.139607,True,7.184236,5.125035,71.337231,4.794454,68.78112
2010,120,loan_size_band,Up to $50k,109567,8760,109567,3037020900.0,1668682666.48,226645800.0,182348787.46,326,3027364700.0,216989600.0,165782950.23,7.995108,7.835984,8.157177,True,7.462767,6.004199,80.455401,5.476147,76.401335
2010,120,loan_size_band,$350k to $1m,46856,2330,46856,28457218000.0,21879827819.73,1379379100.0,815377332.77,46,28430117400.0,1352278500.0,785805061.07,4.972682,4.77952,5.173227,True,4.847203,2.865274,59.11191,2.763988,58.109706
2010,120,term_band,85 to 120,64122,3100,64122,25314504743.0,19378780878.620003,1030159000.0,725213637.47,87,25286186743.0,1001841000.0,692209804.26,4.834534,4.671202,5.003277,True,4.069442,2.864815,70.398224,2.737502,69.093779
2010,120,term_band,241 to 360,39482,537,39482,43876938300.0,33598296775.09,608591700.0,291286406.97,14,43867555300.0,599208700.0,280970071.68,1.360113,1.250501,1.47919,True,1.387042,0.663871,47.862369,0.640496,46.890186
2010,120,term_band,13 to 60,58667,9438,58667,6893740600.0,4574049711.860001,1397658500.0,858422179.23,315,6859057700.0,1362975600.0,809984636.77,16.087409,15.792322,16.386936,True,20.274312,12.452197,61.418593,11.808978,59.42767
2010,120,term_band,61 to 84,110484,3953,110484,12323064600.0,7944873495.559999,960153100.0,631150106.79,67,12307269900.0,944358400.0,613045342.53,3.577894,3.469976,3.689039,True,7.791512,5.121698,65.73432,4.981164,64.916598
2010,120,term_band,181 to 240,11449,479,11449,8066608500.0,6154734967.890001,452049500.0,209148165.65,15,8058140200.0,443581200.0,200009007.34,4.183772,3.832131,4.566147,True,5.60396,2.592765,46.266651,2.482074,45.089604
2010,120,term_band,121 to 180,16493,398,16493,8742650400.0,6662239711.55,272718900.0,143770187.12,10,8739225900.0,269294400.0,139855235.34,2.413145,2.189792,2.65866,True,3.119408,1.644469,52.717354,1.600316,51.933956
2010,120,term_band,1 to 12,7260,2294,7260,2620442300.0,2065389171.0,290027600.0,167754336.84,135,2607910800.0,277496100.0,150224645.13,31.597796,30.538359,32.676697,True,11.067887,6.401757,57.840818,5.760344,54.135768
2010,120,term_band,Invalid or missing,177,100,177,34688800.0,25564700.0,15515600.0,11270676.32,4,34257800.0,15084600.0,10797199.21,56.497175,49.132289,63.586034,False,44.727981,32.490822,72.640931,31.517492,71.57763
2010,120,guarantee_percent_band,>85% to 90%,27209,2259,27209,15138415500.0,13620143432.54,832267400.0,477123832.63,26,15126162300.0,820014200.0,464016077.6,8.3024,7.980408,8.636164,True,5.497718,3.151742,57.32819,3.067639,56.586347
2010,120,guarantee_percent_band,>0% to 50%,152507,9503,152507,12028051400.0,5996729777.2,611718800.0,461456770.55,433,12002314200.0,585981600.0,421841712.77,6.231189,6.110972,6.353611,True,5.085768,3.836505,75.436094,3.51467,71.988901
2010,120,guarantee_percent_band,>50% to 75%,93563,4826,93563,77221527200.0,57843022373.82,3235769300.0,1863662608.29,139,77151829800.0,3166071900.0,1781686589.45,5.158022,5.018132,5.301594,True,4.190243,2.413398,57.595658,2.309325,56.274357
2010,120,guarantee_percent_band,>75% to 85%,34854,3711,34854,3484085843.0,2943475528.01,347118400.0,235772484.92,49,3478739743.0,341772300.0,229551562.44,10.647271,10.327784,10.975433,True,9.962969,6.767126,67.922785,6.598699,67.165058
2010,120,naics2,72,38671,2973,38671,18923661900.0,14251527430.56,892904100.0,527942785.73,83,18900412300.0,869654500.0,501141850.27,7.687932,7.426599,7.95767,True,4.718453,2.789855,59.126482,2.651486,57.625396
2010,120,naics2,54,31653,1851,31653,8063966100.0,5869922447.8,328074300.0,219233847.56,47,8056846100.0,320954300.0,209270993.04,5.847787,5.59461,6.111679,True,4.068399,2.718685,66.82445,2.597431,65.202739
2010,120,naics2,31,6354,413,6354,2431256200.0,1821755544.23,115583000.0,72693497.53,13,2427581500.0,111908300.0,67090639.61,6.499843,5.919586,7.132665,True,4.754044,2.989956,62.892897,2.763682,59.951442
2010,120,naics2,23,30997,2152,30997,6091088000.0,4284724587.84,438996300.0,285065020.03,110,6078878300.0,426786600.0,267929834.28,6.942607,6.66495,7.230936,True,7.20719,4.680035,64.935632,4.407554,62.778408
2010,120,naics2,11,5517,252,5517,3136712600.0,2406604946.36,109301300.0,57328344.61,7,3136488200.0,109076900.0,56903719.21,4.5677,4.047672,5.150953,True,3.484581,1.827657,52.449829,1.814249,52.168442
2010,120,naics2,33,13371,779,13371,6624218300.0,5018269210.15,332553300.0,190117958.91,25,6617640500.0,325975500.0,181613513.07,5.826041,5.441558,6.2359,True,5.020265,2.870044,57.169169,2.744385,55.713854
2010,120,naics2,81,26962,1770,26962,7881982943.0,5900231669.44,338229300.0,211903765.71,47,7876138243.0,332384600.0,205173802.99,6.564795,6.275316,6.866649,True,4.29117,2.688458,62.650919,2.605005,61.727831
2010,120,naics2,32,6208,374,6208,3148961600.0,2387758302.49,153892000.0,86381934.01,18,3145594200.0,150524600.0,82207741.1,6.024485,5.45935,6.644009,True,4.887071,2.743188,56.13153,2.613425,54.614157
2010,120,naics2,62,30051,1302,30051,12015518700.0,8991892599.880001,361297600.0,223871370.07,48,12004780300.0,350559200.0,211587859.85,4.332635,4.108227,4.568716,True,3.006925,1.863185,61.963149,1.76253,60.357241
2010,120,naics2,42,17381,1320,17381,7762066300.0,5889840704.119999,403485700.0,248149780.17,46,7751455300.0,392874700.0,235420493.19,7.5945,7.209972,7.997768,True,5.198174,3.196955,61.501506,3.037113,59.922538
2010,120,naics2,45,11935,1064,11935,2432420500.0,1764548139.31,167705700.0,106586934.6,31,2429649900.0,164935100.0,102925231.94,8.914956,8.416853,9.439499,True,6.894601,4.381929,63.55594,4.236217,62.403474
2010,120,naics2,44,31885,2341,31885,12888228500.0,9692952929.44,631287000.0,367528714.96,78,12876252700.0,619311200.0,352950172.11,7.34201,7.060832,7.633466,True,4.898167,2.851662,58.218958,2.741094,56.990762
2010,120,naics2,56,13803,902,13803,2871197700.0,2068457283.65,163807600.0,104291339.21,33,2867395900.0,160005800.0,99574343.33,6.534811,6.134495,6.959315,True,5.705201,3.632329,63.666972,3.47264,62.231709
2010,120,naics2,71,7871,640,7871,3187566100.0,2384322005.81,189820600.0,109285777.12,19,3181084100.0,183338600.0,101578711.51,8.131114,7.547541,8.755536,True,5.955033,3.428502,57.573191,3.193211,55.404978
2010,120,naics2,53,6610,276,6610,3213966200.0,2415850602.31,89604800.0,42289847.08,5,3213462300.0,89100900.0,41713244.11,4.175492,3.7193,4.684915,True,2.787982,1.315815,47.195962,1.298078,46.815738
2010,120,naics2,52,4835,176,4835,1541937700.0,1146105968.3,25953100.0,19196877.0,0,1541937700.0,25953100.0,19196877.0,3.640124,3.147951,4.205906,True,1.683148,1.244984,73.967568,1.244984,73.967568
2010,120,naics2,21,937,64,937,473816400.0,356453148.1,39773000.0,22172484.66,1,472416400.0,38373000.0,20609456.84,6.830309,5.385029,8.628114,True,8.39418,4.679552,55.747579,4.362562,53.708224
2010,120,naics2,48,13705,1062,13705,2428685300.0,1723523460.88,142849500.0,81345131.11,23,2427600300.0,141764500.0,79507881.76,7.748997,7.313115,8.208558,True,5.881762,3.349348,56.944638,3.275164,56.084479
2010,120,naics2,61,4022,256,4022,1132508700.0,840300577.65,40919600.0,26593918.09,9,1131382100.0,39793000.0,24988154.04,6.364993,5.651365,7.161893,True,3.613182,2.348231,64.99066,2.20864,62.795351
2010,120,naics2,49,968,64,968,321912800.0,239199617.72,8001000.0,5025554.2,0,321912800.0,8001000.0,5025554.2,6.61157,5.211443,8.354705,True,2.485456,1.561154,62.811576,1.561154,62.811576
2010,120,naics2,51,3929,244,3929,1135676300.0,829957167.03,46986900.0,27392607.56,4,1135405800.0,46716400.0,27067662.34,6.210232,5.497523,7.008485,True,4.13735,2.412008,58.298393,2.383964,57.940386
2010,120,naics2,22,256,13,256,90422500.0,67529958.5,4528200.0,2613549.76,0,90422500.0,4528200.0,2613549.76,5.078125,2.991381,8.493106,False,5.007824,2.890375,57.717189,2.890375,57.717189
2010,120,naics2,55,154,4,154,63347300.0,43690600.0,930000.0,684903.06,0,63347300.0,930000.0,684903.06,2.597403,1.014612,6.48751,False,1.468097,1.081187,73.64549,1.081187,73.64549
2010,120,naics2,92,57,5,57,11439600.0,8453010.0,310000.0,242414.44,0,11439600.0,310000.0,242414.44,8.77193,3.805167,18.944877,False,2.709885,2.119081,78.198206,2.119081,78.198206
2010,120,naics2,Missing,2,2,2,80000.0,57500.0,80000.0,77339.21,0,80000.0,80000.0,77339.21,100.0,34.238023,100.0,False,100.0,96.674013,96.674013,96.674013,96.674013
2010,120,project_state,TX,23748,1979,23748,10273855100.0,7713435245.410001,532861200.0,327193972.62,63,10261783600.0,520789700.0,310940731.91,8.333333,7.988516,8.691628,True,5.186575,3.184724,61.403227,3.030085,59.705622
2010,120,project_state,FL,12962,1169,12962,5755005400.0,4329481194.27,295983100.0,190180726.31,23,5749121200.0,290098900.0,183717445.16,9.01867,8.537608,9.524016,True,5.143055,3.304614,64.253914,3.195574,63.329246
2010,120,project_state,MI,11728,590,11728,3466042200.0,2511611577.88,149805700.0,79758712.82,34,3461082700.0,144846200.0,73765687.46,5.030696,4.649624,5.441216,True,4.322097,2.301147,53.241441,2.131289,50.926906
2010,120,project_state,NY,19186,1280,19186,4725981800.0,3369470576.6,231852700.0,157030880.72,47,4721416200.0,227287100.0,149963506.78,6.671531,6.327052,7.033358,True,4.905916,3.322714,67.728726,3.17624,65.97977
2010,120,project_state,WI,9258,502,9258,3101645900.0,2317938615.34,167107700.0,97039821.49,21,3097345900.0,162807700.0,91861625.47,5.422337,4.979259,5.902395,True,5.38771,3.128656,58.070227,2.965817,56.423391
2010,120,project_state,MN,9187,489,9187,2687778200.0,2010577563.9,131434300.0,77751709.73,20,2685097700.0,128753800.0,73705337.85,5.322739,4.882087,5.800737,True,4.890072,2.892787,59.156331,2.744978,57.245175
2010,120,project_state,UT,6925,374,6925,1778563400.0,1304164438.25,75960700.0,46081832.95,11,1777529400.0,74926700.0,44203525.46,5.400722,4.892659,5.958238,True,4.270902,2.590958,60.665361,2.486796,58.995692
2010,120,project_state,ME,2109,94,2109,342716500.0,245623730.08,17074400.0,9618763.31,7,342466500.0,16824400.0,9278219.64,4.457089,3.656092,5.423692,True,4.982077,2.806624,56.334415,2.709234,55.147403
2010,120,project_state,MA,11093,547,11093,1616593400.0,1086286852.0,76419500.0,49823519.87,19,1615179400.0,75005500.0,47900189.82,4.931038,4.543493,5.349785,True,4.727194,3.082007,65.197391,2.965627,63.862237
2010,120,project_state,PA,9416,559,9416,3035976500.0,2240803837.38,147590700.0,92581602.61,17,3032627500.0,144241700.0,88660430.93,5.936703,5.477125,6.43222,True,4.861391,3.049484,62.728615,2.923552,61.466574
2010,120,project_state,CA,38431,2413,38431,17871133500.0,13513768538.88,449562900.0,274380451.74,57,17860270200.0,438699600.0,261528762.43,6.278785,6.040599,6.525712,True,2.515581,1.535328,61.032717,1.464305,59.614543
2010,120,project_state,AL,2261,191,2261,982763600.0,749419412.5,50751800.0,31177725.45,7,980714000.0,48702200.0,28969239.34,8.44759,7.370572,9.665564,True,5.164192,3.172454,61.431763,2.953893,59.482404
2010,120,project_state,AZ,6324,400,6324,2701182100.0,2014288566.54,114321800.0,62719085.54,10,2698945100.0,112084800.0,59912906.73,6.325111,5.751295,6.951954,True,4.232288,2.321913,54.861877,2.219864,53.453195
2010,120,project_state,CO,7473,411,7473,2828471800.0,2128985183.43,102715300.0,61595429.07,13,2825171800.0,99415300.0,57494134.39,5.499799,5.005409,6.039916,True,3.631477,2.177693,59.967141,2.035067,57.83228
2010,120,project_state,ID,3002,118,3002,738848000.0,552267461.64,20794500.0,13379829.27,1,738498000.0,20444500.0,12941248.47,3.930713,3.292406,4.686773,True,2.814449,1.810904,64.343116,1.752374,63.299413
2010,120,project_state,OH,17217,1068,17217,3641385600.0,2569414764.76,192253100.0,121512100.53,75,3636969600.0,187837100.0,115910137.84,6.203171,5.852544,6.573338,True,5.279669,3.336974,63.204235,3.186998,61.707798
2010,120,project_state,GA,8358,596,8358,5495497600.0,4221146071.93,225608000.0,122718807.98,10,5492598000.0,222708400.0,119619393.17,7.130893,6.59866,7.702513,True,4.105324,2.233079,54.394706,2.177829,53.711218
2010,120,project_state,VT,1430,72,1430,230926700.0,163829225.0,8650000.0,5035661.37,1,230726700.0,8450000.0,4822527.97,5.034965,4.017219,6.293646,True,3.745777,2.180632,58.215738,2.090147,57.071337
2010,120,project_state,IN,6961,474,6961,2229779643.0,1641216209.43,130322300.0,79753614.91,21,2226159143.0,126701800.0,75253684.54,6.809366,6.241104,7.425273,True,5.844627,3.576749,61.197213,3.380427,59.394329
2010,120,project_state,MS,3137,271,3137,961291700.0,752618649.17,60763900.0,37950005.51,7,957974900.0,57447100.0,34261716.81,8.638827,7.705611,9.673218,True,6.321068,3.947814,62.454855,3.576473,59.640464
2010,120,project_state,WA,8192,402,8192,3322112200.0,2515929125.83,115416700.0,64369730.48,8,3320992500.0,114297000.0,62660819.06,4.907227,4.460211,5.396513,True,3.474196,1.937615,55.771592,1.88681,54.822803
2010,120,project_state,TN,2843,218,2843,1373748200.0,1044589411.1,74182800.0,42945248.28,2,1373448200.0,73882800.0,42595092.05,7.667956,6.745988,8.704169,True,5.400029,3.126137,57.891113,3.101325,57.652244
2010,120,project_state,NC,5809,385,5809,2567982900.0,1928288749.93,100130200.0,56684392.73,7,2566214900.0,98362200.0,54554659.73,6.627647,6.016165,7.296455,True,3.899177,2.207351,56.610686,2.12588,55.463033
2010,120,project_state,IL,10076,835,10076,3642157900.0,2703100096.09,300896600.0,184858994.13,25,3633994700.0,292733400.0,175127750.74,8.287019,7.764491,8.841341,True,8.261492,5.075535,61.436053,4.819153,59.824998
2010,120,project_state,MO,6081,499,6081,2040774900.0,1550393045.55,143014300.0,84585062.88,22,2035999300.0,138238700.0,78911114.56,8.205887,7.542174,8.922371,True,7.007843,4.144752,59.144479,3.875793,57.08323
2010,120,project_state,SC,2090,150,2090,1156850300.0,882280397.6,36998200.0,22686704.8,5,1156540300.0,36688200.0,22160413.32,7.177033,6.147265,8.363932,True,3.198184,1.961075,61.318401,1.916095,60.402018
2010,120,project_state,PR,2809,230,2809,243156600.0,156134904.44,11741800.0,8937543.48,10,242816600.0,11401800.0,8426777.37,8.187967,7.230219,9.259919,True,4.828905,3.675633,76.11732,3.470429,73.90743
2010,120,project_state,AR,1713,135,1713,831098400.0,628170056.0,47683600.0,28629121.03,4,830858400.0,47443600.0,28315800.47,7.880911,6.697155,9.25315,True,5.737419,3.444733,60.039764,3.408018,59.683077
2010,120,project_state,KY,2996,228,2996,829021500.0,608743225.33,67205400.0,38765446.67,14,826704700.0,64888600.0,36058574.31,7.610147,6.714006,8.614853,True,8.106593,4.676048,57.682041,4.361724,55.569968
2010,120,project_state,VA,4446,345,4446,1637917600.0,1213399570.0,102993100.0,66884276.33,10,1634364100.0,99439600.0,62029475.22,7.759784,7.009335,8.583164,True,6.288051,4.083495,64.940541,3.795328,62.379047
2010,120,project_state,NJ,7065,504,7065,2978642400.0,2231955803.0,135950100.0,84244480.65,14,2976429500.0,133737200.0,81541521.44,7.133758,6.556586,7.75752,True,4.564163,2.828284,61.967208,2.739575,60.971459
2010,120,project_state,IA,2768,221,2768,955156500.0,735042857.0,86545000.0,44294292.04,6,952898900.0,84287400.0,41182859.68,7.984104,7.031614,9.053052,True,9.060819,4.637386,51.180648,4.32185,48.860043
2010,120,project_state,OK,2774,220,2774,1168363900.0,877764006.5,92276500.0,49724025.07,1,1168163900.0,92076500.0,49482106.89,7.930786,6.982411,8.995515,True,7.897925,4.255868,53.885903,4.235887,53.740213
2010,120,project_state,CT,3320,206,3320,964284800.0,691144146.0,57163700.0,35661785.61,4,962217800.0,55096700.0,33454982.48,6.204819,5.433744,7.077125,True,5.928093,3.698263,62.38537,3.476862,60.720483
2010,120,project_state,SD,869,48,869,250668800.0,191848555.0,10949000.0,6441211.85,2,250492700.0,10772900.0,6229014.86,5.52359,4.191257,7.247414,True,4.367915,2.569611,58.829225,2.486705,57.821152
2010,120,project_state,NM,1489,79,1489,511754100.0,383696560.96,17300000.0,9326707.09,3,511619100.0,17165000.0,9151852.85,5.305574,4.277758,6.56341,True,3.38053,1.822498,53.911602,1.788802,53.316941
2010,120,project_state,MD,4167,301,4167,1353907600.0,1000950322.71,79399700.0,49872554.1,10,1348900600.0,74392700.0,44022226.45,7.223422,6.476187,8.049454,True,5.864484,3.683601,62.812018,3.263563,59.175465
2010,120,project_state,NH,3025,160,3025,436344300.0,300575035.0,24291500.0,15292726.19,3,436219300.0,24166500.0,15081186.71,5.289256,4.546859,6.145066,True,5.567049,3.504738,62.955051,3.457249,62.405341
2010,120,project_state,OR,4363,205,4363,1413022700.0,1063068779.4,38569300.0,21426405.2,7,1412277700.0,37824300.0,20604155.58,4.698602,4.109567,5.367339,True,2.72956,1.516353,55.553005,1.458931,54.47333
2010,120,project_state,ND,1173,37,1173,265786600.0,188096014.8,7795100.0,4365259.15,0,265786600.0,7795100.0,4365259.15,3.154305,2.297003,4.317436,True,2.932842,1.642392,56.00004,1.642392,56.00004
2010,120,project_state,LA,2653,216,2653,859392900.0,646883607.1,60862600.0,36989327.43,8,858513400.0,59983100.0,35937503.88,8.141726,7.16061,9.243887,True,7.082046,4.304123,60.775135,4.186015,59.912715
2010,120,project_state,HI,2105,128,2105,189073300.0,126198785.0,6895300.0,4489530.23,1,189063300.0,6885300.0,4441868.07,6.08076,5.137672,7.183854,True,3.646893,2.374492,65.110006,2.349408,64.512339
2010,120,project_state,KS,2729,193,2729,879735600.0,655727271.93,61383600.0,37869398.8,1,878985600.0,60633600.0,37078498.94,7.072188,6.169489,8.095571,True,6.977506,4.304634,61.693024,4.218328,61.151736
2010,120,project_state,NE,2425,166,2425,690948400.0,518050431.93,50272400.0,28523056.61,4,690558400.0,49882400.0,28053734.2,6.845361,5.907031,7.920197,True,7.275854,4.128102,56.73701,4.062471,56.239744
2010,120,project_state,WV,806,47,806,216426200.0,157313405.0,7404800.0,4242737.49,1,216406200.0,7384800.0,4222637.42,5.831266,4.413313,7.668244,True,3.421397,1.960362,57.297125,1.951255,57.180119
2010,120,project_state,RI,2001,105,2001,381520200.0,273239023.0,24500000.0,14627140.36,1,381510200.0,24490000.0,14608418.02,5.247376,4.353311,6.312942,True,6.421678,3.83391,59.702614,3.829103,59.650543
2010,120,project_state,VI,70,6,70,10251000.0,7808385.0,385000.0,246963.99,0,10251000.0,385000.0,246963.99,8.571429,3.987667,17.465672,False,3.755731,2.40917,64.146491,2.40917,64.146491
2010,120,project_state,NV,2134,157,2134,740402000.0,556205008.0,25687200.0,17559281.81,2,740042000.0,25327200.0,17005965.71,7.357076,6.324378,8.543022,True,3.469359,2.371588,68.3581,2.297973,67.145068
2010,120,project_state,WY,658,43,658,203247900.0,153487225.0,8228000.0,4280730.18,1,203027900.0,8008000.0,4025376.98,6.534954,4.887553,8.686916,True,4.048258,2.106162,52.026376,1.982672,50.266945
2010,120,project_state,MT,1950,80,1950,468262700.0,359144537.98,14323200.0,8289760.8,2,468213800.0,14274300.0,8213567.9,4.102564,3.308689,5.076918,True,3.058796,1.770323,57.876458,1.754234,57.540951
2010,120,project_state,AK,753,47,753,355105300.0,274809945.0,18512600.0,12597597.8,2,354568300.0,17975600.0,12022596.06,6.2417,4.726086,8.201516,True,5.213271,3.547567,68.048777,3.39077,66.882864
2010,120,project_state,GU,320,18,320,41705800.0,28257675.0,2091600.0,1098528.17,1,41670800.0,2056600.0,1052490.21,5.625,3.58736,8.715407,False,5.01513,2.633994,52.520949,2.525726,51.176223
2010,120,project_state,DE,797,59,797,272110100.0,199340945.0,6889000.0,4887534.19,2,271910100.0,6689000.0,4486338.82,7.40276,5.78231,9.43187,True,2.531696,1.796161,70.946933,1.649935,67.070396
2010,120,project_state,DC,451,29,451,152515500.0,113035115.0,7102400.0,5033886.97,0,152515500.0,7102400.0,5033886.97,6.430155,4.514074,9.082193,False,4.656838,3.300574,70.875858,3.300574,70.875858
2010,120,project_state,MP,5,0,5,3615000.0,2831250.0,0.0,0.0,0,3615000.0,0.0,0.0,0.0,0.0,43.448246,False,0.0,0.0,,0.0,
2010,120,project_state,FM,2,0,2,60500.0,40925.0,0.0,0.0,0,60500.0,0.0,0.0,0.0,0.0,65.761977,False,0.0,0.0,,0.0,
2010,120,business_age,Unknown,21959,1733,21959,5345737900.0,3955306941.65,311231900.0,192564142.39,63,5338120200.0,303614200.0,181305908.17,7.891981,7.542699,8.255992,True,5.822057,3.602199,61.871596,3.396437,59.715886
2010,120,business_age,Existing,188769,10687,188769,71389605843.0,53210011319.8,2957483900.0,1769781582.0,355,71327338243.0,2895216300.0,1692653970.41,5.661417,5.558063,5.766575,True,4.142737,2.479047,59.840785,2.373079,58.463817
2010,120,business_age,Startup,44457,3635,44457,16597930300.0,12481998097.499998,1003980000.0,600035379.23,106,16572387000.0,978436700.0,569730198.56,8.17644,7.925334,8.434773,True,6.048826,3.615122,59.765671,3.437828,58.228621
2010,120,business_age,New or early-stage,52949,4244,52949,14539364200.0,10756613052.62,754178100.0,475634592.77,123,14521758900.0,736572800.0,453405865.12,8.01526,7.787015,8.249596,True,5.187146,3.271358,63.066614,3.122252,61.556151
2010,120,business_type,CORPORATION,264375,17296,264375,97523148443.0,72656923744.23001,4711766100.0,2849445289.52,573,97417395343.0,4606013000.0,2718156195.16,6.542222,6.448596,6.637111,True,4.831434,2.921814,60.475101,2.790216,59.013212
2010,120,business_type,PARTNERSHIP,6251,230,6251,3193581300.0,2419025795.23,80038800.0,50446849.72,10,3190205800.0,76663300.0,45503167.53,3.679411,3.240453,4.175266,True,2.50624,1.579633,63.027994,1.42634,59.354564
2010,120,business_type,INDIVIDUAL,37492,2768,37492,7145935700.0,5320483072.11,233616700.0,137736006.87,64,7142030400.0,229711400.0,133049029.29,7.382908,7.122562,7.651987,True,3.269225,1.927473,58.958117,1.862902,57.920081
2010,120,business_type,Missing,16,5,16,9972800.0,7496800.0,1452300.0,387550.28,0,9972800.0,1452300.0,387550.28,31.25,14.164644,55.595644,False,14.56261,3.886073,26.685277,3.886073,26.685277
2010,120,processing_method,Preferred Lenders Program,81706,4174,81706,62372984643.0,48007707647.009995,2330782500.0,1340326022.18,82,62335360743.0,2293158600.0,1298696888.06,5.10856,4.959692,5.261649,True,3.736846,2.148889,57.50541,2.083403,56.63354
2010,120,processing_method,SBA Express Program,151743,9433,151743,11695729400.0,5846355686.620001,601525600.0,454278216.12,431,11670162200.0,575958400.0,414890583.06,6.216432,6.09605,6.33903,True,5.143122,3.884138,75.521011,3.55514,72.034818
2010,120,processing_method,7a General,26064,1864,26064,21415434000.0,16624069188.099998,1328741200.0,745642004.68,46,21392054200.0,1305361400.0,718586910.96,7.151627,6.845064,7.470818,True,6.204596,3.481797,56.116421,3.35913,55.048886
2010,120,processing_method,Certified Lenders Program,2057,99,2057,2035507800.0,1552198457.58,88459100.0,46523890.77,5,2032627400.0,85578700.0,43373530.76,4.812834,3.969141,5.824988,True,4.3458,2.285616,52.593674,2.133865,50.682624
2010,120,processing_method,Community Express,5123,1023,5123,121635900.0,105567185.0,19413700.0,14407448.75,4,121470900.0,19248700.0,14185304.35,19.968768,18.896759,21.085782,True,15.960502,11.844734,74.212792,11.677945,73.69487
2010,120,processing_method,Gulf Opportunity Pilot Loan Program,1516,150,1516,98454600.0,85166260.0,9204300.0,6628173.15,2,98382600.0,9132300.0,6550699.38,9.894459,8.49127,11.500384,True,9.348776,6.732213,72.011703,6.658392,71.731101
2010,120,processing_method,Patriot Express Loans,5551,725,5551,490984000.0,399301885.7,51751900.0,36066448.08,10,489528000.0,50295900.0,34060931.48,13.06071,12.199744,13.972766,True,10.540445,7.345748,69.691061,6.957913,67.72109
2010,120,processing_method,Rural Loan Initiative,2746,230,2746,430922400.0,354761345.8,35596000.0,20700319.8,8,429792300.0,34465900.0,19455178.72,8.375819,7.396924,9.47101,True,8.26042,4.803723,58.1535,4.526647,56.447616
2010,120,processing_method,Preferred Lenders with EWCP,356,2,356,490466000.0,439820400.0,2450000.0,1337756.85,0,490466000.0,2450000.0,1337756.85,0.561798,0.154201,2.024942,False,0.499525,0.272752,54.60232,0.272752,54.60232
2010,120,processing_method,Export Express,1050,110,1050,150487500.0,124830350.0,8306800.0,5924346.68,2,150358500.0,8177800.0,5789983.93,10.47619,8.765681,12.474844,True,5.519927,3.93677,71.319241,3.850786,70.801242
2010,120,processing_method,Dealer Floor Plan Loans,97,2,97,99616200.0,73605900.0,2500000.0,675333.51,0,99616200.0,2500000.0,675333.51,2.061856,0.567269,7.208758,False,2.509632,0.677935,27.01334,0.677935,27.01334
2010,120,processing_method,Contract CAPLine,305,14,305,257344400.0,194894885.0,12469000.0,9391037.36,0,257344400.0,12469000.0,9391037.36,4.590164,2.753666,7.556303,False,4.845258,3.64921,75.31508,3.64921,75.31508
2010,120,processing_method,7a with EWCP,607,13,607,1010989400.0,904153240.0,19456600.0,13949894.38,1,1006989400.0,15456600.0,9947017.5,2.14168,1.255808,3.629495,False,1.924511,1.379826,71.697493,0.987798,64.354499
2010,120,processing_method,Export Import Harmonization  (EXIM),8,0,8,15750000.0,11067500.0,0.0,0.0,0,15750000.0,0.0,0.0,0.0,0.0,32.440756,False,0.0,0.0,,0.0,
2010,120,processing_method,Seasonal CAPLine,116,4,116,100094700.0,76419555.0,1570000.0,1309921.25,1,99944700.0,1420000.0,561370.57,3.448276,1.348983,8.531954,False,1.568515,1.308682,83.434475,0.561681,39.533139
2010,120,processing_method,Builders CAPLine,120,1,120,75553900.0,58405405.0,500000.0,300000.0,0,75553900.0,500000.0,300000.0,0.833333,0.147256,4.569629,False,0.661779,0.397068,60.0,0.397068,60.0
2010,120,processing_method,Small Asset Base Line of Credit (CAPLine),34,1,34,6895000.0,5515500.0,100000.0,107567.91,1,6795000.0,0.0,0.0,2.941176,0.521091,14.915573,False,1.450326,1.560086,107.56791,0.0,
2010,120,processing_method,International Trade Loans,692,41,692,1118723100.0,997002755.0,64638700.0,35594563.99,0,1118723100.0,64638700.0,35594563.99,5.924855,4.397221,7.939132,True,5.7779,3.181714,55.066955,3.181714,55.066955
2010,120,processing_method,Working Capital CAPLine,1947,83,1947,1454498300.0,1086272371.7,64031400.0,50627017.76,15,1444428300.0,53961400.0,36812902.02,4.262969,3.452054,5.254008,True,4.402301,3.48072,79.065924,2.548614,68.220806
2010,120,processing_method,Small Loan Advantage Initiative,24168,2065,24168,4157212500.0,3236649299.06,350909800.0,230002138.86,34,4151815300.0,345512600.0,223726666.73,8.544356,8.198481,8.903408,True,8.440988,5.532605,65.544519,5.388647,64.752101
2010,120,processing_method,Community Advantage Initiative,2128,265,2128,273354500.0,220164595.0,34467300.0,24223594.31,5,272441200.0,33554000.0,23159283.03,12.453008,11.117419,13.923911,True,12.609011,8.861604,70.27993,8.500654,69.020931
2010,120,interest_rate_band,>5% to 7.5%,204648,13468,204648,77387106143.0,58226572417.439995,4282189700.0,2581669100.89,466,77289400443.0,4184484000.0,2461089303.83,6.581056,6.474443,6.689299,True,5.533467,3.336046,60.288527,3.184252,58.814642
2010,120,interest_rate_band,Up to 5%,50864,1464,50864,28171643200.0,20773996064.37,559244700.0,319621809.3,57,28160481100.0,548082600.0,306152340.91,2.878264,2.736484,3.02716,True,1.985133,1.134552,57.152407,1.08717,55.858796
2010,120,interest_rate_band,>7.5% to 10%,52614,5367,52614,2313668900.0,1403242554.76,185439500.0,136724786.2,124,2309502800.0,181273400.0,129854297.52,10.200707,9.944994,10.462232,True,8.014954,5.909436,73.730131,5.622608,71.634502
2010,120,interest_rate_band,>10% to 12.5%,8,0,8,220000.0,118375.0,0.0,0.0,0,220000.0,0.0,0.0,0.0,0.0,32.440756,False,0.0,0.0,,0.0,
2010,96,guarantee_percent_band,>90% to 100%,1,0,1,558300.0,558300.0,0.0,0.0,0,558300.0,0.0,0.0,0.0,0.0,79.345069,False,0.0,0.0,,0.0,
2010,120,guarantee_percent_band,>90% to 100%,1,0,1,558300.0,558300.0,0.0,0.0,0,558300.0,0.0,0.0,0.0,0.0,79.345069,False,0.0,0.0,,0.0,
2010,96,project_state,MH,1,0,1,75000.0,37500.0,0.0,0.0,0,75000.0,0.0,0.0,0.0,0.0,79.345069,False,0.0,0.0,,0.0,
2010,96,processing_method,Certified Lenders Program with EWCP,1,0,1,2000000.0,1800000.0,0.0,0.0,0,2000000.0,0.0,0.0,0.0,0.0,79.345069,False,0.0,0.0,,0.0,
2010,120,project_state,MH,1,0,1,75000.0,37500.0,0.0,0.0,0,75000.0,0.0,0.0,0.0,0.0,79.345069,False,0.0,0.0,,0.0,
2001,96,business_age,Change of ownership,2410,131,2410,2068265800.0,1540821756.7,89180500.0,57697887.93,2,2067015800.0,87930500.0,56149004.18,5.435685,4.599379,6.413832,True,4.311849,2.789675,64.697874,2.716428,63.856118
2001,96,processing_method,Community Advantage International Trade,2,0,2,165000.0,147750.0,0.0,0.0,0,165000.0,0.0,0.0,0.0,0.0,65.761977,False,0.0,0.0,,0.0,
2010,96,business_age,Change of ownership,2410,131,2410,2068265800.0,1540821756.7,89180500.0,57697887.93,2,2067015800.0,87930500.0,56149004.18,5.435685,4.599379,6.413832,True,4.311849,2.789675,64.697874,2.716428,63.856118
2010,96,processing_method,Community Advantage International Trade,2,0,2,165000.0,147750.0,0.0,0.0,0,165000.0,0.0,0.0,0.0,0.0,65.761977,False,0.0,0.0,,0.0,
